baseline,orbit_from,orbit_to,handover_time_s,lead_time_s,loss,n_runs,n_converged,t90_median_us,t90_p25_us,t90_p75_us,goodput_mean_bytes,goodput_ci95_bytes,peak_queue_median
0,0,1,30,0,0,1,1,500164.0,500164.0,500164.0,197064779.0,0.0,764972.0
0,0,1,30,2,0,1,1,500164.0,500164.0,500164.0,197064779.0,0.0,764972.0
0,0,1,30,5,0,1,1,500164.0,500164.0,500164.0,197064779.0,0.0,764972.0
0,0,1,30,10,0,1,1,500164.0,500164.0,500164.0,197064779.0,0.0,764972.0
0,0,1,30,20,0,1,1,500164.0,500164.0,500164.0,197064779.0,0.0,764972.0
0,0,1,30,30,0,1,1,500164.0,500164.0,500164.0,197064779.0,0.0,764972.0
0,0,1,60,0,0,1,1,500080.0,500080.0,500080.0,151831882.0,0.0,764972.0
0,0,1,60,2,0,1,1,500080.0,500080.0,500080.0,151831882.0,0.0,764972.0
0,0,1,60,5,0,1,1,500080.0,500080.0,500080.0,151831882.0,0.0,764972.0
0,0,1,60,10,0,1,1,500080.0,500080.0,500080.0,151831882.0,0.0,764972.0
0,0,1,60,20,0,1,1,500080.0,500080.0,500080.0,151831882.0,0.0,764972.0
0,0,1,60,30,0,1,1,500080.0,500080.0,500080.0,151831882.0,0.0,764972.0
0,0,1,60,60,0,1,1,500080.0,500080.0,500080.0,151831882.0,0.0,764972.0
0,0,1,120,0,0,1,0,0.0,0.0,0.0,524288000.0,0.0,764972.0
0,0,1,120,2,0,1,0,0.0,0.0,0.0,524288000.0,0.0,764972.0
0,0,1,120,5,0,1,0,0.0,0.0,0.0,524288000.0,0.0,764972.0
0,0,1,120,10,0,1,0,0.0,0.0,0.0,524288000.0,0.0,764972.0
0,0,1,120,20,0,1,0,0.0,0.0,0.0,524288000.0,0.0,764972.0
0,0,1,120,30,0,1,0,0.0,0.0,0.0,524288000.0,0.0,764972.0
0,0,1,120,60,0,1,0,0.0,0.0,0.0,524288000.0,0.0,764972.0
0,0,2,30,0,0,1,0,0.0,0.0,0.0,5368586.0,0.0,33120391.0
0,0,2,30,2,0,1,0,0.0,0.0,0.0,5368586.0,0.0,33120391.0
0,0,2,30,5,0,1,0,0.0,0.0,0.0,5368586.0,0.0,33120391.0
0,0,2,30,10,0,1,0,0.0,0.0,0.0,5368586.0,0.0,33120391.0
0,0,2,30,20,0,1,0,0.0,0.0,0.0,5368586.0,0.0,33120391.0
0,0,2,30,30,0,1,0,0.0,0.0,0.0,5368586.0,0.0,33120391.0
0,0,2,60,0,0,1,0,0.0,0.0,0.0,6258082.0,0.0,36638988.0
0,0,2,60,2,0,1,0,0.0,0.0,0.0,6258082.0,0.0,36638988.0
0,0,2,60,5,0,1,0,0.0,0.0,0.0,6258082.0,0.0,36638988.0
0,0,2,60,10,0,1,0,0.0,0.0,0.0,6258082.0,0.0,36638988.0
0,0,2,60,20,0,1,0,0.0,0.0,0.0,6258082.0,0.0,36638988.0
0,0,2,60,30,0,1,0,0.0,0.0,0.0,6258082.0,0.0,36638988.0
0,0,2,60,60,0,1,0,0.0,0.0,0.0,6258082.0,0.0,36638988.0
0,0,2,120,0,0,1,0,0.0,0.0,0.0,524288000.0,0.0,764972.0
0,0,2,120,2,0,1,0,0.0,0.0,0.0,524288000.0,0.0,764972.0
0,0,2,120,5,0,1,0,0.0,0.0,0.0,524288000.0,0.0,764972.0
0,0,2,120,10,0,1,0,0.0,0.0,0.0,524288000.0,0.0,764972.0
0,0,2,120,20,0,1,0,0.0,0.0,0.0,524288000.0,0.0,764972.0
0,0,2,120,30,0,1,0,0.0,0.0,0.0,524288000.0,0.0,764972.0
0,0,2,120,60,0,1,0,0.0,0.0,0.0,524288000.0,0.0,764972.0
0,1,2,30,0,0,1,1,1501206.0,1501206.0,1501206.0,62748234.0,0.0,1317104.0
0,1,2,30,2,0,1,1,1501206.0,1501206.0,1501206.0,62748234.0,0.0,1317104.0
0,1,2,30,5,0,1,1,1501206.0,1501206.0,1501206.0,62748234.0,0.0,1317104.0
0,1,2,30,10,0,1,1,1501206.0,1501206.0,1501206.0,62748234.0,0.0,1317104.0
0,1,2,30,20,0,1,1,1501206.0,1501206.0,1501206.0,62748234.0,0.0,1317104.0
0,1,2,30,30,0,1,1,1501206.0,1501206.0,1501206.0,62748234.0,0.0,1317104.0
0,1,2,60,0,0,1,1,1500926.0,1500926.0,1500926.0,66458334.0,0.0,1317104.0
0,1,2,60,2,0,1,1,1500926.0,1500926.0,1500926.0,66458334.0,0.0,1317104.0
0,1,2,60,5,0,1,1,1500926.0,1500926.0,1500926.0,66458334.0,0.0,1317104.0
0,1,2,60,10,0,1,1,1500926.0,1500926.0,1500926.0,66458334.0,0.0,1317104.0
0,1,2,60,20,0,1,1,1500926.0,1500926.0,1500926.0,66458334.0,0.0,1317104.0
0,1,2,60,30,0,1,1,1500926.0,1500926.0,1500926.0,66458334.0,0.0,1317104.0
0,1,2,60,60,0,1,1,1500926.0,1500926.0,1500926.0,66458334.0,0.0,1317104.0
0,1,2,120,0,0,1,1,8503423.0,8503423.0,8503423.0,64277752.0,0.0,1317104.0
0,1,2,120,2,0,1,1,8503423.0,8503423.0,8503423.0,64277752.0,0.0,1317104.0
0,1,2,120,5,0,1,1,8503423.0,8503423.0,8503423.0,64277752.0,0.0,1317104.0
0,1,2,120,10,0,1,1,8503423.0,8503423.0,8503423.0,64277752.0,0.0,1317104.0
0,1,2,120,20,0,1,1,8503423.0,8503423.0,8503423.0,64277752.0,0.0,1317104.0
0,1,2,120,30,0,1,1,8503423.0,8503423.0,8503423.0,64277752.0,0.0,1317104.0
0,1,2,120,60,0,1,1,8503423.0,8503423.0,8503423.0,64277752.0,0.0,1317104.0
2,0,1,30,0,0,1,1,500164.0,500164.0,500164.0,197064779.0,0.0,764972.0
2,0,1,30,2,0,1,1,500164.0,500164.0,500164.0,197064779.0,0.0,764972.0
2,0,1,30,5,0,1,1,500142.0,500142.0,500142.0,197053662.0,0.0,764972.0
2,0,1,30,10,0,1,1,2500501.0,2500501.0,2500501.0,195891724.0,0.0,764972.0
2,0,1,30,20,0,1,1,500072.0,500072.0,500072.0,196680920.0,0.0,764972.0
2,0,1,30,30,0,1,0,0.0,0.0,0.0,8566511.0,0.0,28796.0
2,0,1,60,0,0,1,1,500080.0,500080.0,500080.0,151831882.0,0.0,764972.0
2,0,1,60,2,0,1,1,6500771.0,6500771.0,6500771.0,151851370.0,0.0,764972.0
2,0,1,60,5,0,1,1,7500967.0,7500967.0,7500967.0,151870858.0,0.0,1318356.0
2,0,1,60,10,0,1,1,500009.0,500009.0,500009.0,151909834.0,0.0,764972.0
2,0,1,60,20,0,1,1,500145.0,500145.0,500145.0,164417463.0,0.0,764972.0
2,0,1,60,30,0,1,1,7504648.0,7504648.0,7504648.0,152064519.0,0.0,1269528.0
2,0,1,60,60,0,1,0,0.0,0.0,0.0,8566500.0,0.0,28796.0
2,0,1,120,0,0,1,0,0.0,0.0,0.0,524288000.0,0.0,764972.0
2,0,1,120,2,0,1,0,0.0,0.0,0.0,524288000.0,0.0,764972.0
2,0,1,120,5,0,1,0,0.0,0.0,0.0,524288000.0,0.0,764972.0
2,0,1,120,10,0,1,0,0.0,0.0,0.0,524288000.0,0.0,764972.0
2,0,1,120,20,0,1,0,0.0,0.0,0.0,524288000.0,0.0,764972.0
2,0,1,120,30,0,1,0,0.0,0.0,0.0,524288000.0,0.0,764972.0
2,0,1,120,60,0,1,0,0.0,0.0,0.0,524288000.0,0.0,764972.0
2,0,2,30,0,0,1,0,0.0,0.0,0.0,5368586.0,0.0,33120391.0
2,0,2,30,2,0,1,0,0.0,0.0,0.0,5368586.0,0.0,33120391.0
2,0,2,30,5,0,1,0,0.0,0.0,0.0,8977021.0,0.0,35719636.0
2,0,2,30,10,0,1,0,0.0,0.0,0.0,7234045.0,0.0,34901938.0
2,0,2,30,20,0,1,0,0.0,0.0,0.0,7233311.0,0.0,36134856.0
2,0,2,30,30,0,1,0,0.0,0.0,0.0,2601414.0,0.0,30048.0
2,0,2,60,0,0,1,0,0.0,0.0,0.0,6258082.0,0.0,36638988.0
2,0,2,60,2,0,1,0,0.0,0.0,0.0,7414264.0,0.0,40795464.0
2,0,2,60,5,0,1,0,0.0,0.0,0.0,6567754.0,0.0,40636774.0
2,0,2,60,10,0,1,0,0.0,0.0,0.0,9091314.0,0.0,36683279.0
2,0,2,60,20,0,1,0,0.0,0.0,0.0,5660989.0,0.0,29017506.0
2,0,2,60,30,0,1,0,0.0,0.0,0.0,7477570.0,0.0,36502876.0
2,0,2,60,60,0,1,0,0.0,0.0,0.0,2600198.0,0.0,30048.0
2,0,2,120,0,0,1,0,0.0,0.0,0.0,524288000.0,0.0,764972.0
2,0,2,120,2,0,1,0,0.0,0.0,0.0,524288000.0,0.0,764972.0
2,0,2,120,5,0,1,0,0.0,0.0,0.0,524288000.0,0.0,764972.0
2,0,2,120,10,0,1,0,0.0,0.0,0.0,524288000.0,0.0,764972.0
2,0,2,120,20,0,1,0,0.0,0.0,0.0,524288000.0,0.0,764972.0
2,0,2,120,30,0,1,0,0.0,0.0,0.0,524288000.0,0.0,764972.0
2,0,2,120,60,0,1,0,0.0,0.0,0.0,524288000.0,0.0,764972.0
2,1,2,30,0,0,1,1,1501206.0,1501206.0,1501206.0,62748234.0,0.0,1317104.0
2,1,2,30,2,0,1,1,1500601.0,1500601.0,1500601.0,66101490.0,0.0,1317104.0
2,1,2,30,5,0,1,1,1500616.0,1500616.0,1500616.0,64730839.0,0.0,1317104.0
2,1,2,30,10,0,1,1,1500920.0,1500920.0,1500920.0,65083739.0,0.0,1317104.0
2,1,2,30,20,0,1,1,1500602.0,1500602.0,1500602.0,66270350.0,0.0,1317104.0
2,1,2,30,30,0,1,0,0.0,0.0,0.0,3501703.0,0.0,41316.0
2,1,2,60,0,0,1,1,1500926.0,1500926.0,1500926.0,66458334.0,0.0,1317104.0
2,1,2,60,2,0,1,1,1500178.0,1500178.0,1500178.0,69297438.0,0.0,1317104.0
2,1,2,60,5,0,1,1,15504218.0,15504218.0,15504218.0,63789506.0,0.0,1317104.0
2,1,2,60,10,0,1,1,1500597.0,1500597.0,1500597.0,64847867.0,0.0,1317104.0
2,1,2,60,20,0,1,1,1500753.0,1500753.0,1500753.0,64433346.0,0.0,1317104.0
2,1,2,60,30,0,1,1,1500929.0,1500929.0,1500929.0,64304214.0,0.0,1317104.0
2,1,2,60,60,0,1,0,0.0,0.0,0.0,3504143.0,0.0,41316.0
2,1,2,120,0,0,1,1,8503423.0,8503423.0,8503423.0,64277752.0,0.0,1317104.0
2,1,2,120,2,0,1,1,1500944.0,1500944.0,1500944.0,64873030.0,0.0,1317104.0
2,1,2,120,5,0,1,1,1500958.0,1500958.0,1500958.0,63384798.0,0.0,1317104.0
2,1,2,120,10,0,1,1,1501215.0,1501215.0,1501215.0,64249030.0,0.0,1317104.0
2,1,2,120,20,0,1,1,1500843.0,1500843.0,1500843.0,64695372.0,0.0,1317104.0
2,1,2,120,30,0,1,1,1500585.0,1500585.0,1500585.0,66096866.0,0.0,1317104.0
2,1,2,120,60,0,1,1,1501022.0,1501022.0,1501022.0,66158451.0,0.0,1317104.0
3,0,1,30,0,0,1,1,6500450.0,6500450.0,6500450.0,192226631.0,0.0,764972.0
3,0,1,30,2,0,1,1,7533181.0,7533181.0,7533181.0,186043722.0,0.0,1297072.0
3,0,1,30,5,0,1,1,7545705.0,7545705.0,7545705.0,192848860.0,0.0,1317104.0
3,0,1,30,10,0,1,1,8537598.0,8537598.0,8537598.0,185827470.0,0.0,1469903.0
3,0,1,30,20,0,1,1,7519196.0,7519196.0,7519196.0,181941353.0,0.0,1308395.0
3,0,1,30,30,0,1,0,0.0,0.0,0.0,3055855.0,0.0,10377.0
3,0,1,60,0,0,1,1,6501379.0,6501379.0,6501379.0,151831882.0,0.0,764972.0
3,0,1,60,2,0,1,1,8511461.0,8511461.0,8511461.0,164061612.0,0.0,1308395.0
3,0,1,60,5,0,1,1,8529573.0,8529573.0,8529573.0,181203783.0,0.0,1324726.0
3,0,1,60,10,0,1,1,7545977.0,7545977.0,7545977.0,191215089.0,0.0,1277040.0
3,0,1,60,20,0,1,1,7537905.0,7537905.0,7537905.0,186335432.0,0.0,1325923.0
3,0,1,60,30,0,1,1,7520247.0,7520247.0,7520247.0,186894341.0,0.0,1323364.0
3,0,1,60,60,0,1,0,0.0,0.0,0.0,3049796.0,0.0,10377.0
3,0,1,120,0,0,1,0,0.0,0.0,0.0,524288000.0,0.0,764972.0
3,0,1,120,2,0,1,0,0.0,0.0,0.0,524288000.0,0.0,764972.0
3,0,1,120,5,0,1,0,0.0,0.0,0.0,524288000.0,0.0,764972.0
3,0,1,120,10,0,1,0,0.0,0.0,0.0,524288000.0,0.0,764972.0
3,0,1,120,20,0,1,0,0.0,0.0,0.0,524288000.0,0.0,764972.0
3,0,1,120,30,0,1,0,0.0,0.0,0.0,524288000.0,0.0,764972.0
3,0,1,120,60,0,1,1,8528691.0,8528691.0,8528691.0,149225434.0,0.0,1360924.0
3,0,2,30,0,0,1,0,0.0,0.0,0.0,3812153.0,0.0,34237967.0
3,0,2,30,2,0,1,0,0.0,0.0,0.0,2581627.0,0.0,30669307.0
3,0,2,30,5,0,1,1,5640859.0,5640859.0,5640859.0,4131761.0,0.0,26411155.0
3,0,2,30,10,0,1,0,0.0,0.0,0.0,2786334.0,0.0,30147488.0
3,0,2,30,20,0,1,0,0.0,0.0,0.0,1504939.0,0.0,29811760.0
3,0,2,30,30,0,1,0,0.0,0.0,0.0,962282.0,0.0,11268.0
3,0,2,60,0,0,1,0,0.0,0.0,0.0,3305743.0,0.0,29936198.0
3,0,2,60,2,0,1,0,0.0,0.0,0.0,1824055.0,0.0,29674092.0
3,0,2,60,5,0,1,0,0.0,0.0,0.0,827874.0,0.0,56993293.0
3,0,2,60,10,0,1,0,0.0,0.0,0.0,1627454.0,0.0,27243807.0
3,0,2,60,20,0,1,0,0.0,0.0,0.0,2560407.0,0.0,32921655.0
3,0,2,60,30,0,1,0,0.0,0.0,0.0,3060328.0,0.0,30519001.0
3,0,2,60,60,0,1,0,0.0,0.0,0.0,964701.0,0.0,11268.0
3,0,2,120,0,0,1,0,0.0,0.0,0.0,524288000.0,0.0,764972.0
3,0,2,120,2,0,1,0,0.0,0.0,0.0,524288000.0,0.0,764972.0
3,0,2,120,5,0,1,0,0.0,0.0,0.0,524288000.0,0.0,764972.0
3,0,2,120,10,0,1,0,0.0,0.0,0.0,524288000.0,0.0,764972.0
3,0,2,120,20,0,1,0,0.0,0.0,0.0,524288000.0,0.0,764972.0
3,0,2,120,30,0,1,0,0.0,0.0,0.0,524288000.0,0.0,764972.0
3,0,2,120,60,0,1,0,0.0,0.0,0.0,2589778.0,0.0,33973242.0
3,1,2,30,0,0,1,1,1500451.0,1500451.0,1500451.0,68932276.0,0.0,1317104.0
3,1,2,30,2,0,1,1,9695218.0,9695218.0,9695218.0,62106911.0,0.0,1317104.0
3,1,2,30,5,0,1,1,23136654.0,23136654.0,23136654.0,51659930.0,0.0,6228700.0
3,1,2,30,10,0,1,1,14706173.0,14706173.0,14706173.0,54437772.0,0.0,2128400.0
3,1,2,30,20,0,1,1,7691917.0,7691917.0,7691917.0,63058276.0,0.0,1317104.0
3,1,2,30,30,0,1,0,0.0,0.0,0.0,954394.0,0.0,16637.0
3,1,2,60,0,0,1,1,1500885.0,1500885.0,1500885.0,64804364.0,0.0,1317104.0
3,1,2,60,2,0,1,1,6923243.0,6923243.0,6923243.0,60798306.0,0.0,1317104.0
3,1,2,60,5,0,1,1,11939527.0,11939527.0,11939527.0,58588203.0,0.0,1422272.0
3,1,2,60,10,0,1,1,13658307.0,13658307.0,13658307.0,55102443.0,0.0,1732768.0
3,1,2,60,20,0,1,1,11678081.0,11678081.0,11678081.0,57572956.0,0.0,1317104.0
3,1,2,60,30,0,1,1,19763049.0,19763049.0,19763049.0,55856767.0,0.0,4389512.0
3,1,2,60,60,0,1,0,0.0,0.0,0.0,952795.0,0.0,16637.0
3,1,2,120,0,0,1,1,9504208.0,9504208.0,9504208.0,65225749.0,0.0,1317104.0
3,1,2,120,2,0,1,1,13653863.0,13653863.0,13653863.0,54767396.0,0.0,1732768.0
3,1,2,120,5,0,1,0,0.0,0.0,0.0,7063543.0,0.0,12882663.0
3,1,2,120,10,0,1,1,15662865.0,15662865.0,15662865.0,55099967.0,0.0,2194754.0
3,1,2,120,20,0,1,1,11680365.0,11680365.0,11680365.0,58716906.0,0.0,1411004.0
3,1,2,120,30,0,1,1,7724387.0,7724387.0,7724387.0,63169480.0,0.0,1317104.0
3,1,2,120,60,0,1,1,6706271.0,6706271.0,6706271.0,64384135.0,0.0,1317104.0
4,0,1,30,0,0,1,1,9502023.0,9502023.0,9502023.0,179871287.0,0.0,764972.0
4,0,1,30,2,0,1,1,9501908.0,9501908.0,9501908.0,179870069.0,0.0,764972.0
4,0,1,30,5,0,1,1,9502023.0,9502023.0,9502023.0,179871287.0,0.0,764972.0
4,0,1,30,10,0,1,1,9501924.0,9501924.0,9501924.0,179870069.0,0.0,764972.0
4,0,1,30,20,0,1,1,9501919.0,9501919.0,9501919.0,179871287.0,0.0,764972.0
4,0,1,30,30,0,1,1,8502414.0,8502414.0,8502414.0,173806468.0,0.0,600960.0
4,0,1,60,0,0,1,1,9500906.0,9500906.0,9500906.0,151831882.0,0.0,764972.0
4,0,1,60,2,0,1,1,9501402.0,9501402.0,9501402.0,151851370.0,0.0,764972.0
4,0,1,60,5,0,1,1,9501425.0,9501425.0,9501425.0,151851370.0,0.0,764972.0
4,0,1,60,10,0,1,1,9501324.0,9501324.0,9501324.0,151851370.0,0.0,764972.0
4,0,1,60,20,0,1,1,9500903.0,9500903.0,9500903.0,151831882.0,0.0,764972.0
4,0,1,60,30,0,1,1,9501350.0,9501350.0,9501350.0,151851356.0,0.0,764972.0
4,0,1,60,60,0,1,1,3501504.0,3501504.0,3501504.0,180462896.0,0.0,600960.0
4,0,1,120,0,0,1,0,0.0,0.0,0.0,524288000.0,0.0,764972.0
4,0,1,120,2,0,1,0,0.0,0.0,0.0,524288000.0,0.0,764972.0
4,0,1,120,5,0,1,0,0.0,0.0,0.0,524288000.0,0.0,764972.0
4,0,1,120,10,0,1,0,0.0,0.0,0.0,524288000.0,0.0,764972.0
4,0,1,120,20,0,1,0,0.0,0.0,0.0,524288000.0,0.0,764972.0
4,0,1,120,30,0,1,0,0.0,0.0,0.0,524288000.0,0.0,764972.0
4,0,1,120,60,0,1,0,0.0,0.0,0.0,524288000.0,0.0,764972.0
4,0,2,30,0,0,1,1,2502390.0,2502390.0,2502390.0,55772571.0,0.0,910204.0
4,0,2,30,2,0,1,1,2502704.0,2502704.0,2502704.0,57332741.0,0.0,908952.0
4,0,2,30,5,0,1,1,2502390.0,2502390.0,2502390.0,55772571.0,0.0,910204.0
4,0,2,30,10,0,1,1,2502721.0,2502721.0,2502721.0,55966099.0,0.0,908952.0
4,0,2,30,20,0,1,1,2502286.0,2502286.0,2502286.0,56162040.0,0.0,910204.0
4,0,2,30,30,0,1,1,45552856.0,45552856.0,45552856.0,51542046.0,0.0,726160.0
4,0,2,60,0,0,1,1,8529904.0,8529904.0,8529904.0,58013111.0,0.0,861376.0
4,0,2,60,2,0,1,1,2501450.0,2501450.0,2501450.0,57133090.0,0.0,920220.0
4,0,2,60,5,0,1,1,2501474.0,2501474.0,2501474.0,57131872.0,0.0,920220.0
4,0,2,60,10,0,1,1,2501373.0,2501373.0,2501373.0,56481131.0,0.0,920220.0
4,0,2,60,20,0,1,1,8529904.0,8529904.0,8529904.0,58013111.0,0.0,861376.0
4,0,2,60,30,0,1,1,2501464.0,2501464.0,2501464.0,56639979.0,0.0,920220.0
4,0,2,60,60,0,1,1,7566943.0,7566943.0,7566943.0,63809624.0,0.0,1373444.0
4,0,2,120,0,0,1,0,0.0,0.0,0.0,524288000.0,0.0,764972.0
4,0,2,120,2,0,1,0,0.0,0.0,0.0,524288000.0,0.0,764972.0
4,0,2,120,5,0,1,0,0.0,0.0,0.0,524288000.0,0.0,764972.0
4,0,2,120,10,0,1,0,0.0,0.0,0.0,524288000.0,0.0,764972.0
4,0,2,120,20,0,1,0,0.0,0.0,0.0,524288000.0,0.0,764972.0
4,0,2,120,30,0,1,0,0.0,0.0,0.0,524288000.0,0.0,764972.0
4,0,2,120,60,0,1,0,0.0,0.0,0.0,524288000.0,0.0,764972.0
4,1,2,30,0,0,1,1,2500727.0,2500727.0,2500727.0,67442164.0,0.0,1900536.0
4,1,2,30,2,0,1,1,2501591.0,2501591.0,2501591.0,67408820.0,0.0,5810520.0
4,1,2,30,5,0,1,1,2501692.0,2501692.0,2501692.0,67575572.0,0.0,2127148.0
4,1,2,30,10,0,1,1,2500701.0,2500701.0,2500701.0,67022385.0,0.0,1905544.0
4,1,2,30,20,0,1,1,2501455.0,2501455.0,2501455.0,67218671.0,0.0,4465884.0
4,1,2,30,30,0,1,1,41563773.0,41563773.0,41563773.0,29296295.0,0.0,726160.0
4,1,2,60,0,0,1,1,2501839.0,2501839.0,2501839.0,66825034.0,0.0,2033248.0
4,1,2,60,2,0,1,1,2501839.0,2501839.0,2501839.0,66825034.0,0.0,2033248.0
4,1,2,60,5,0,1,1,1500328.0,1500328.0,1500328.0,64273383.0,0.0,1355916.0
4,1,2,60,10,0,1,1,2501902.0,2501902.0,2501902.0,69610738.0,0.0,1317104.0
4,1,2,60,20,0,1,1,1500274.0,1500274.0,1500274.0,65196624.0,0.0,1325868.0
4,1,2,60,30,0,1,1,2500986.0,2500986.0,2500986.0,68627706.0,0.0,1317104.0
4,1,2,60,60,0,1,1,41585518.0,41585518.0,41585518.0,30253582.0,0.0,726160.0
4,1,2,120,0,0,1,1,2500306.0,2500306.0,2500306.0,67185337.0,0.0,1903040.0
4,1,2,120,2,0,1,1,2500785.0,2500785.0,2500785.0,65575695.0,0.0,1317104.0
4,1,2,120,5,0,1,1,1500384.0,1500384.0,1500384.0,64740484.0,0.0,1372192.0
4,1,2,120,10,0,1,1,1500650.0,1500650.0,1500650.0,69308235.0,0.0,1317104.0
4,1,2,120,20,0,1,1,2501840.0,2501840.0,2501840.0,69600327.0,0.0,1317104.0
4,1,2,120,30,0,1,1,6501878.0,6501878.0,6501878.0,54314098.0,0.0,1317104.0
4,1,2,120,60,0,1,1,2501525.0,2501525.0,2501525.0,67105762.0,0.0,1898032.0
