Starting test number 346, bbr_sat_fairness_f1_cubic_sweep
scenario,lead_time_s,t_s,flow1_rate_bps,flow2_rate_bps,jains_index
F1,0,1,2202248,6387328,0.8082
F1,0,2,2722904,7054664,0.8359
F1,0,3,2644136,7130264,0.8260
F1,0,4,2531576,6624160,0.8335
F1,0,5,2440656,7242832,0.8026
F1,0,6,2079976,8389936,0.7336
F1,0,7,2631184,7141600,0.8244
F1,0,8,2642344,6489376,0.8493
F1,0,9,2462320,7951296,0.7826
F1,0,10,2349888,6691552,0.8126
F1,0,11,2507304,7985008,0.7858
F1,0,12,2215136,7557856,0.7699
F1,0,13,2709888,7062864,0.8344
F1,0,14,2754816,7017808,0.8401
F1,0,15,3002336,6759248,0.8710
F1,0,16,2777536,6646768,0.8558
F1,0,17,2979824,7141488,0.8554
F1,0,18,3013504,6759088,0.8719
F1,0,19,2676128,6624192,0.8473
F1,0,20,2822328,7411416,0.8326
F1,0,21,2574864,6556616,0.8402
F1,0,22,2934808,7478896,0.8400
F1,0,23,2934928,6837984,0.8624
F1,0,24,2766184,6511792,0.8599
F1,0,25,2361136,7906216,0.7742
F1,0,26,2124992,7220248,0.7708
F1,0,27,2946080,7242648,0.8490
F1,0,28,2777424,6995376,0.8430
F1,0,29,2777304,6995528,0.8430
F1,0,30,3058496,6714096,0.8773
F1,0,31,618336,1079648,0.9313
F1,0,32,787032,1360504,0.9334
F1,0,33,831864,1315696,0.9517
F1,0,34,798288,1315512,0.9435
F1,0,35,787040,1495240,0.9122
F1,0,36,753216,1708776,0.8691
F1,0,37,640784,2102168,0.7789
F1,0,38,652064,2282368,0.7641
F1,0,39,528416,2394768,0.7104
F1,0,40,427264,2507256,0.6656
F1,0,41,112400,326048,0.8081
F1,0,42,33744,2417280,0.5140
F1,0,43,0,78680,0.5000
F1,0,44,0,4137424,0.5000
F1,0,45,560128,6801864,0.5818
F1,0,46,0,247360,0.5000
F1,0,47,785816,2990936,0.7458
F1,0,48,314688,4598704,0.5681
F1,0,49,280848,2653704,0.6047
F1,0,50,213624,1427968,0.6463
F1,0,51,101144,1574192,0.5640
F1,0,52,685512,1855304,0.8251
F1,0,53,382080,3519392,0.6073
F1,0,54,146136,1731576,0.5838
F1,0,55,269688,3103336,0.5863
F1,0,56,797808,4688224,0.6654
F1,0,57,314584,2619928,0.6184
F1,0,58,370920,2552400,0.6423
F1,0,59,415832,921984,0.8748
F1,0,60,393216,4126520,0.5944
F1,0,61,415832,1079456,0.8354
F1,0,62,370816,1056960,0.8124
F1,0,63,78648,2687304,0.5292
F1,0,64,483208,1045712,0.8808
F1,0,65,56152,1338072,0.5419
F1,0,66,89888,7848312,0.5115
F1,0,67,370792,258608,0.9692
F1,0,68,719408,3485712,0.6980
F1,0,69,337264,4632376,0.5724
F1,0,70,337176,2597456,0.6277
F1,0,71,393416,820752,0.8898
F1,0,72,382176,1383064,0.7567
F1,0,73,337176,4711240,0.5712
F1,0,74,371008,483456,0.9830
F1,0,75,0,2451160,0.5000
F1,0,76,438320,3463240,0.6246
F1,0,77,753064,4508704,0.6625
F1,0,78,371008,2563736,0.6417
F1,0,79,427160,2496088,0.6663
F1,0,80,337184,2597408,0.6277
F1,0,81,415912,2507424,0.6614
F1,0,82,415848,2518672,0.6607
F1,0,83,303520,2619904,0.6143
F1,0,84,101144,573472,0.6711
F1,0,85,292360,2001440,0.6430
F1,0,86,651888,4317640,0.6476
F1,0,87,0,483480,0.5000
F1,0,88,685592,5531352,0.6221
F1,0,89,393504,2541184,0.6512
F1,0,90,415912,2507480,0.6614
F1,5,1,2202248,6387384,0.8081
F1,5,2,2722856,7054632,0.8359
F1,5,3,2677896,6759112,0.8424
F1,5,4,2554184,7557552,0.8033
F1,5,5,2362080,6781688,0.8106
F1,5,6,2147456,8153560,0.7463
F1,5,7,2833528,7029200,0.8468
F1,5,8,3126144,6646752,0.8851
F1,5,9,3384768,6387984,0.9137
F1,5,10,3261200,6511712,0.9004
F1,5,11,3114816,6646688,0.8842
F1,5,12,3058576,6388064,0.8895
F1,5,13,3283536,6815160,0.8910
F1,5,14,3305920,6466720,0.9053
F1,5,15,3204800,6567760,0.8941
F1,5,16,3373520,6388064,0.9129
F1,5,17,3261120,6511792,0.9004
F1,5,18,3058656,6714048,0.8773
F1,5,19,3047408,6522872,0.8835
F1,5,20,3351104,6624272,0.9028
F1,5,21,3261040,6500464,0.9008
F1,5,22,3036160,6140608,0.8973
F1,5,23,3069824,6725424,0.8777
F1,5,24,3024832,6804048,0.8712
F1,5,25,3069824,6758944,0.8765
F1,5,26,2518848,7703808,0.7954
F1,5,27,3294784,6477968,0.9041
F1,5,28,3193552,6579200,0.8928
F1,5,29,3261032,6511464,0.9004
F1,5,30,3305952,6466720,0.9053
F1,5,31,629504,1068288,0.9374
F1,5,32,1146560,1270520,0.9974
F1,5,33,1101896,1247880,0.9962
F1,5,34,955592,1337944,0.9730
F1,5,35,1146808,1438952,0.9874
F1,5,36,1034336,1675016,0.9470
F1,5,37,809376,2079664,0.8380
F1,5,38,809456,2113768,0.8340
F1,5,39,652064,2282360,0.7641
F1,5,40,393520,1731384,0.7161
F1,5,41,0,393528,0.5000
F1,5,42,0,933128,0.5000
F1,5,43,0,1697640,0.5000
F1,5,44,393432,3980008,0.5979
F1,5,45,0,0,1.0000
F1,5,46,932712,1259488,0.9783
F1,5,47,11248,5608112,0.5020
F1,5,48,0,0,1.0000
F1,5,49,0,3595584,0.5000
F1,5,50,0,0,1.0000
F1,5,51,0,2202696,0.5000
F1,5,52,281088,0,0.5000
F1,5,53,0,2056728,0.5000
F1,5,54,0,0,1.0000
F1,5,55,180080,56984,0.7876
F1,5,56,0,2809024,0.5000
F1,5,57,0,0,1.0000
F1,5,58,0,3449552,0.5000
F1,5,59,0,145832,0.5000
F1,5,60,0,0,1.0000
F1,5,61,0,0,1.0000
F1,5,62,0,774720,0.5000
F1,5,63,0,0,1.0000
F1,5,64,0,0,1.0000
F1,5,65,0,0,1.0000
F1,5,66,0,2694120,0.5000
F1,5,67,0,550280,0.5000
F1,5,68,0,0,1.0000
F1,5,69,0,314288,0.5000
F1,5,70,0,505456,0.5000
F1,5,71,0,179672,0.5000
F1,5,72,0,146136,0.5000
F1,5,73,0,134608,0.5000
F1,5,74,0,0,1.0000
F1,5,75,0,426640,0.5000
F1,5,76,0,44992,0.5000
F1,5,77,0,0,1.0000
F1,5,78,0,146008,0.5000
F1,5,79,0,0,1.0000
F1,5,80,0,0,1.0000
F1,5,81,0,123536,0.5000
F1,5,82,0,123832,0.5000
F1,5,83,5400,0,0.5000
F1,5,84,0,448816,0.5000
F1,5,85,0,22496,0.5000
F1,5,86,0,0,1.0000
F1,5,87,0,112392,0.5000
F1,5,88,0,359648,0.5000
F1,5,89,0,415760,0.5000
F1,5,90,0,0,1.0000
F1,10,1,2157344,6432320,0.8015
F1,10,2,2711744,7065872,0.8345
F1,10,3,2632752,7141544,0.8245
F1,10,4,2565424,7208976,0.8159
F1,10,5,2541936,7231512,0.8129
F1,10,6,2147600,7614000,0.7613
F1,10,7,2934792,6837704,0.8624
F1,10,8,3396096,6376736,0.9149
F1,10,9,3261120,6511792,0.9004
F1,10,10,3384680,6387984,0.9137
F1,10,11,3362352,6399216,0.9118
F1,10,12,3092400,6343152,0.8939
F1,10,13,3306000,6545400,0.9024
F1,10,14,3328608,6703008,0.8984
F1,10,15,3418512,6354240,0.9172
F1,10,16,3204880,6298080,0.9042
F1,10,17,2889960,6849064,0.8582
F1,10,18,3519744,6545456,0.9171
F1,10,19,3339856,6432976,0.9089
F1,10,20,3204880,5983216,0.9162
F1,10,21,2811360,7253856,0.8370
F1,10,22,3429840,6624192,0.9083
F1,10,23,3317280,6455552,0.9065
F1,10,24,3193576,6275584,0.9042
F1,10,25,3429840,6646552,0.9075
F1,10,26,3317360,6444304,0.9069
F1,10,27,3137392,6635272,0.8864
F1,10,28,3305952,6466528,0.9053
F1,10,29,3418512,6354240,0.9172
F1,10,30,3294864,6478048,0.9041
F1,10,31,618280,1147136,0.9177
F1,10,32,1079208,1360384,0.9869
F1,10,33,1079392,1349040,0.9878
F1,10,34,955592,1483928,0.9552
F1,10,35,1056752,1708640,0.9474
F1,10,36,865616,2012328,0.8630
F1,10,37,753216,2181160,0.8085
F1,10,38,640816,2282344,0.7603
F1,10,39,539664,2394784,0.7145
F1,10,40,134896,0,0.5000
F1,10,41,0,89928,0.5000
F1,10,42,8096,5351816,0.5015
F1,10,43,3152,3339416,0.5009
F1,10,44,427184,4834448,0.5877
F1,10,45,567320,697184,0.9896
F1,10,46,0,2619960,0.5000
F1,10,47,859880,4440984,0.6866
F1,10,48,303344,2619936,0.6143
F1,10,49,382168,2552416,0.6464
F1,10,50,393328,2529920,0.6518
F1,10,51,393224,2541168,0.6511
F1,10,52,438304,1495456,0.7699
F1,10,53,56144,742104,0.5752
F1,10,54,595464,2608656,0.7170
F1,10,55,213488,2619848,0.5810
F1,10,56,606704,5261880,0.6138
F1,10,57,0,134880,0.5000
F1,10,58,674072,2451232,0.7557
F1,10,59,22496,393592,0.5570
F1,10,60,865280,7173504,0.6189
F1,10,61,415816,2507576,0.6614
F1,10,62,415720,2518584,0.6607
F1,10,63,460816,899576,0.9058
F1,10,64,449456,1349232,0.7998
F1,10,65,292072,3755512,0.5773
F1,10,66,606920,1248088,0.8933
F1,10,67,67336,3013408,0.5223
F1,10,68,1056208,4373064,0.7282
F1,10,69,471960,2451152,0.6857
F1,10,70,483216,2451176,0.6898
F1,10,71,146128,1652840,0.5877
F1,10,72,853936,3204448,0.7488
F1,10,73,415792,1383064,0.7757
F1,10,74,0,854496,0.5000
F1,10,75,955080,2383696,0.8452
F1,10,76,0,393592,0.5000
F1,10,77,0,1798976,0.5000
F1,10,78,674080,2968352,0.7160
F1,10,79,33576,2439968,0.5138
F1,10,80,236240,2889640,0.5812
F1,10,81,1134328,7791944,0.6426
F1,10,82,371008,2158952,0.6669
F1,10,83,0,0,1.0000
F1,10,84,1224864,5025896,0.7300
F1,10,85,550704,2383712,0.7193
F1,10,86,494352,2428744,0.6954
F1,10,87,584456,2350040,0.7342
F1,10,88,528096,2394944,0.7103
F1,10,89,561840,2372536,0.7242
F1,10,90,550608,2372624,0.7202
F1,15,1,2202248,6387344,0.8082
F1,15,2,2722856,7054664,0.8359
F1,15,3,2677896,6759112,0.8424
F1,15,4,2554184,7557632,0.8033
F1,15,5,2361952,6781688,0.8106
F1,15,6,2147536,8153560,0.7463
F1,15,7,2833544,7029200,0.8468
F1,15,8,3126144,6646768,0.8851
F1,15,9,3384768,6387984,0.9137
F1,15,10,3261200,6511712,0.9004
F1,15,11,3114816,6646520,0.8842
F1,15,12,3058576,6388064,0.8895
F1,15,13,3294784,6804144,0.8923
F1,15,14,3395904,6298000,0.9177
F1,15,15,3598360,5251960,0.9663
F1,15,16,7388448,3339584,0.8753
F1,15,17,7343728,2275824,0.7827
F1,15,18,7544840,1405512,0.6800
F1,15,19,9401992,1326608,0.6383
F1,15,20,7771360,1427936,0.6777
F1,15,21,8333496,949480,0.6125
F1,15,22,9435736,888104,0.5933
F1,15,23,9255808,1011464,0.6080
F1,15,24,7501592,1585240,0.7023
F1,15,25,7434032,1472464,0.6906
F1,15,26,9120968,1506368,0.6608
F1,15,27,8277480,1495408,0.6749
F1,15,28,7433992,1675312,0.7145
F1,15,29,8153840,1348984,0.6610
F1,15,30,7085408,1697696,0.7266
F1,15,31,2249264,461008,0.6967
F1,15,32,1844104,370840,0.6933
F1,15,33,1877760,381992,0.6953
F1,15,34,1619136,449216,0.7576
F1,15,35,1787784,483136,0.7519
F1,15,36,1855344,651944,0.8128
F1,15,37,1754040,1022864,0.9352
F1,15,38,1709120,1225064,0.9735
F1,15,39,1405408,1517400,0.9985
F1,15,40,1180528,1753800,0.9632
F1,15,41,303608,584592,0.9090
F1,15,42,78648,1034224,0.5756
F1,15,43,11160,0,0.5000
F1,15,44,0,3316400,0.5000
F1,15,45,2686080,4170120,0.9552
F1,15,46,1787744,3586528,0.8993
F1,15,47,168632,168624,1.0000
F1,15,48,146224,2473672,0.5589
F1,15,49,3147552,2687008,0.9938
F1,15,50,921904,1641640,0.9269
F1,15,51,0,0,1.0000
F1,15,52,1337816,2169888,0.9467
F1,15,53,2551968,3091792,0.9909
F1,15,54,1214176,1708976,0.9721
F1,15,55,1202928,1731400,0.9686
F1,15,56,1202840,1720240,0.9696
F1,15,57,1202928,1731488,0.9686
F1,15,58,1157928,1765232,0.9586
F1,15,59,708280,753264,0.9991
F1,15,60,281024,888240,0.7876
F1,15,61,1090392,1922600,0.9291
F1,15,62,33744,2406096,0.5140
F1,15,63,977856,11152,0.5114
F1,15,64,2607720,5250504,0.8984
F1,15,65,101144,438488,0.7190
F1,15,66,112480,2046424,0.5548
F1,15,67,3327480,3395176,0.9999
F1,15,68,427160,854560,0.8999
F1,15,69,202464,1191760,0.6651
F1,15,70,2518160,2214832,0.9959
F1,15,71,101144,1068120,0.5939
F1,15,72,1337816,1990104,0.9630
F1,15,73,2428256,3237936,0.9800
F1,15,74,1191680,1742728,0.9659
F1,15,75,1191584,1731400,0.9670
F1,15,76,1213992,1708904,0.9721
F1,15,77,1169088,1765144,0.9604
F1,15,78,1169088,1753896,0.9615
F1,15,79,517056,382256,0.9780
F1,15,80,427160,1461624,0.7693
F1,15,81,966712,1765032,0.9213
F1,15,82,0,562208,0.5000
F1,15,83,314592,2990456,0.6040
F1,15,84,3338240,4474024,0.9793
F1,15,85,0,0,1.0000
F1,15,86,2202776,2496112,0.9961
F1,15,87,1135328,3327848,0.8056
F1,15,88,11248,146128,0.5765
F1,15,89,1382624,2248616,0.9462
F1,15,90,2236952,2754384,0.9894
F1,20,1,2213512,6376112,0.8098
F1,20,2,2734056,7043424,0.8373
F1,20,3,2655384,6770360,0.8399
F1,20,4,2554176,6849064,0.8274
F1,20,5,2508208,7321456,0.8066
F1,20,6,2237496,8187664,0.7543
F1,20,7,2844864,6927968,0.8514
F1,20,8,3114896,6657936,0.8838
F1,20,9,3148560,6624272,0.8877
F1,20,10,3002336,6601760,0.8768
F1,20,11,2732624,7130296,0.8342
F1,20,12,3137168,6702816,0.8839
F1,20,13,3171136,6601776,0.8903
F1,20,14,3024824,6624272,0.8778
F1,20,15,2979840,6320384,0.8857
F1,20,16,3204800,7152688,0.8731
F1,20,17,3193536,6579280,0.8928
F1,20,18,3002416,6703008,0.8731
F1,20,19,2957424,6736616,0.8681
F1,20,20,2923680,6556752,0.8719
F1,20,21,3272288,6927808,0.8862
F1,20,22,3126064,6646688,0.8851
F1,20,23,3081072,6691544,0.8799
F1,20,24,3227216,6545360,0.8966
F1,20,25,3103488,6669184,0.8825
F1,20,26,3159800,6601392,0.8894
F1,20,27,3182224,6590368,0.8916
F1,20,28,3036080,6410480,0.8868
F1,20,29,3002336,6871648,0.8669
F1,20,30,2934848,6444248,0.8772
F1,20,31,595760,1731896,0.8076
F1,20,32,966952,1382584,0.9697
F1,20,33,955600,1427624,0.9623
F1,20,34,854448,1438992,0.9390
F1,20,35,944352,1450336,0.9573
F1,20,36,910688,1528952,0.9397
F1,20,37,685808,1663728,0.8523
F1,20,38,1023112,1832464,0.9256
F1,20,39,753216,2169760,0.8098
F1,20,40,719552,2214928,0.7939
F1,20,41,562080,2361104,0.7253
F1,20,42,348520,1944976,0.6736
F1,20,43,0,168664,0.5000
F1,20,44,0,303600,0.5000
F1,20,45,8176,4002296,0.5020
F1,20,46,250448,7206712,0.5347
F1,20,47,442888,247368,0.9257
F1,20,48,67040,3227160,0.5208
F1,20,49,662808,4497176,0.6442
F1,20,50,191128,1630488,0.6156
F1,20,51,67400,708448,0.5943
F1,20,52,662968,2608568,0.7387
F1,20,53,393248,5453200,0.5717
F1,20,54,314680,2608696,0.6189
F1,20,55,359672,2574880,0.6370
F1,20,56,325840,2597408,0.6235
F1,20,57,348336,2586072,0.6323
F1,20,58,370832,2552416,0.6423
F1,20,59,348328,2586160,0.6323
F1,20,60,314672,2282640,0.6353
F1,20,61,0,0,1.0000
F1,20,62,0,2766128,0.5000
F1,20,63,1056312,4621152,0.7172
F1,20,64,11248,236112,0.5475
F1,20,65,112048,2867320,0.5390
F1,20,66,527664,5699720,0.5918
F1,20,67,326192,2608680,0.6231
F1,20,68,337088,2586224,0.6282
F1,20,69,359760,1371816,0.7454
F1,20,70,460904,865832,0.9148
F1,20,71,427160,3957888,0.6067
F1,20,72,0,1079368,0.5000
F1,20,73,416000,2766128,0.6471
F1,20,74,415856,933232,0.8718
F1,20,75,0,4002640,0.5000
F1,20,76,449656,2631064,0.6661
F1,20,77,89784,2023768,0.5443
F1,20,78,483512,3856768,0.6234
F1,20,79,864528,4755896,0.6760
F1,20,80,393416,2282680,0.6674
F1,20,81,0,0,1.0000
F1,20,82,550800,2462432,0.7130
F1,20,83,427160,1585296,0.7512
F1,20,84,326016,3564384,0.5907
F1,20,85,550888,2394944,0.7185
F1,20,86,382168,2574912,0.6452
F1,20,87,416032,3294464,0.6243
F1,20,88,888032,4272376,0.6992
F1,20,89,415912,1338040,0.7834
F1,20,90,449656,2552416,0.6709
F1,30,1,2202248,6387296,0.8082
F1,30,2,2722824,7054648,0.8359
F1,30,3,2677928,6759112,0.8424
F1,30,4,2554184,7557552,0.8033
F1,30,5,2362072,6781688,0.8106
F1,30,6,2147456,8153560,0.7463
F1,30,7,2833528,7029200,0.8468
F1,30,8,3126144,6646768,0.8851
F1,30,9,3384768,6387968,0.9137
F1,30,10,3261200,6511712,0.9004
F1,30,11,3114816,6646688,0.8842
F1,30,12,3058576,6388064,0.8895
F1,30,13,3283536,6815160,0.8910
F1,30,14,3305952,6466720,0.9053
F1,30,15,3204768,6567760,0.8941
F1,30,16,3373520,6387968,0.9129
F1,30,17,3261120,6511872,0.9004
F1,30,18,3058656,6714064,0.8773
F1,30,19,3047408,6523120,0.8835
F1,30,20,3351104,6624024,0.9028
F1,30,21,3261024,6500464,0.9008
F1,30,22,3036160,6140608,0.8973
F1,30,23,3069824,6725144,0.8778
F1,30,24,3024832,6803768,0.8712
F1,30,25,3069824,6758944,0.8765
F1,30,26,2586312,7636320,0.8038
F1,30,27,3317280,6455472,0.9065
F1,30,28,3159888,6613024,0.8890
F1,30,29,3317352,6455416,0.9065
F1,30,30,3272288,6500464,0.9016
F1,30,31,674440,1034656,0.9575
F1,30,32,1079192,1270432,0.9934
F1,30,33,1034328,1259272,0.9905
F1,30,34,989424,1304272,0.9815
F1,30,35,1067992,1483960,0.9741
F1,30,36,1000672,1753624,0.9305
F1,30,37,764544,2135984,0.8173
F1,30,38,742048,2192448,0.8037
F1,30,39,584496,2338552,0.7352
F1,30,40,292368,1416584,0.6980
F1,30,41,67408,1068120,0.5629
F1,30,42,0,1596480,0.5000
F1,30,43,0,921880,0.5000
F1,30,44,0,6768632,0.5000
F1,30,45,140400,4632536,0.5303
F1,30,46,5696,0,0.5000
F1,30,47,1095496,3328232,0.7970
F1,30,48,819504,4182072,0.6887
F1,30,49,213536,1169408,0.6767
F1,30,50,269768,1191936,0.7153
F1,30,51,1067400,2844720,0.8289
F1,30,52,584304,4373640,0.6313
F1,30,53,471840,2462456,0.6848
F1,30,54,517024,2406256,0.7054
F1,30,55,561864,2372448,0.7243
F1,30,56,528096,2394944,0.7103
F1,30,57,561848,2372536,0.7242
F1,30,58,516864,2406192,0.7053
F1,30,59,449464,1562944,0.7656
F1,30,60,0,697112,0.5000
F1,30,61,0,697112,0.5000
F1,30,62,809048,4339832,0.6802
F1,30,63,146072,1765128,0.5822
F1,30,64,875744,6229128,0.6379
F1,30,65,348432,2574928,0.6329
F1,30,66,415912,1180584,0.8134
F1,30,67,78648,1619184,0.5485
F1,30,68,1146160,4351168,0.7463
F1,30,69,494448,2428704,0.6955
F1,30,70,573104,2361184,0.7292
F1,30,71,528112,2394944,0.7103
F1,30,72,561848,2372360,0.7243
F1,30,73,528112,2394944,0.7103
F1,30,74,528176,2406192,0.7094
F1,30,75,528192,640872,0.9908
F1,30,76,292088,865744,0.8029
F1,30,77,157376,607216,0.7429
F1,30,78,101136,3463152,0.5292
F1,30,79,741608,4688704,0.6543
F1,30,80,1033456,4441208,0.7207
F1,30,81,292184,1214408,0.7274
F1,30,82,842784,2304944,0.8225
F1,30,83,573032,3564104,0.6567
F1,30,84,505608,2417464,0.7004
F1,30,85,584440,2349928,0.7342
F1,30,86,528112,2394856,0.7103
F1,30,87,584328,2349952,0.7342
F1,30,88,528120,2394944,0.7103
F1,30,89,539336,2394944,0.7143
F1,30,90,528112,1472960,0.8177
    Success.
