Starting test number 345, bbr_sat_fairness_f1_sweep
scenario,lead_time_s,t_s,flow1_rate_bps,flow2_rate_bps,jains_index
F1,0,1,3935352,4025368,0.9999
F1,0,2,5019080,4467680,0.9966
F1,0,3,4916184,5152560,0.9994
F1,0,4,4959224,4813160,0.9998
F1,0,5,4970648,4801880,0.9997
F1,0,6,4655640,4689360,1.0000
F1,0,7,4363464,3542432,0.9893
F1,0,8,5431688,5262960,0.9998
F1,0,9,5015600,4756968,0.9993
F1,0,10,5026848,4745712,0.9992
F1,0,11,4621984,4835728,0.9995
F1,0,12,4700640,4262224,0.9976
F1,0,13,4633320,4925696,0.9991
F1,0,14,5094280,4813224,0.9992
F1,0,15,5071944,4768104,0.9990
F1,0,16,5094312,4678192,0.9982
F1,0,17,4970672,4801888,0.9997
F1,0,18,4464696,4284632,0.9996
F1,0,19,4981936,4745728,0.9994
F1,0,20,5015592,4801816,0.9995
F1,0,21,4520848,4768232,0.9993
F1,0,22,5510496,4745712,0.9945
F1,0,23,4509608,4070848,0.9974
F1,0,24,4678216,4711952,1.0000
F1,0,25,5409272,4734496,0.9956
F1,0,26,4925680,4846880,0.9999
F1,0,27,5071848,4700736,0.9986
F1,0,28,4936880,4835704,0.9999
F1,0,29,4498352,4239648,0.9991
F1,0,30,4644568,4318376,0.9987
F1,0,31,1293136,1338160,0.9997
F1,0,32,1124240,1124320,1.0000
F1,0,33,1101824,787040,0.9730
F1,0,34,1023088,1304448,0.9856
F1,0,35,1011920,753456,0.9790
F1,0,36,1090496,516984,0.8871
F1,0,37,719552,843048,0.9938
F1,0,38,1090656,1101680,1.0000
F1,0,39,1169232,1056656,0.9974
F1,0,40,944432,1101728,0.9941
F1,0,41,1090576,1135400,0.9996
F1,0,42,1202960,1067984,0.9965
F1,0,43,966880,1090408,0.9964
F1,0,44,1034416,1135472,0.9978
F1,0,45,1214224,1067992,0.9959
F1,0,46,1011920,1090400,0.9986
F1,0,47,978176,1124232,0.9952
F1,0,48,1225472,1090488,0.9966
F1,0,49,1068160,1067904,1.0000
F1,0,50,933184,1135480,0.9905
F1,0,51,1236800,1101648,0.9967
F1,0,52,1079328,1056744,0.9999
F1,0,53,921936,1124224,0.9903
F1,0,54,1203056,1112904,0.9985
F1,0,55,1135568,1056736,0.9987
F1,0,56,921936,1124232,0.9903
F1,0,57,1169312,1112896,0.9994
F1,0,58,1169392,1056744,0.9974
F1,0,59,933184,1112976,0.9923
F1,0,60,1101824,1124152,0.9999
F1,0,61,1203056,1067984,0.9965
F1,0,62,955680,1101656,0.9950
F1,0,63,1045664,1112976,0.9990
F1,0,64,1214304,1090488,0.9971
F1,0,65,1011920,1079152,0.9990
F1,0,66,978176,1124232,0.9952
F1,0,67,1225472,1101736,0.9972
F1,0,68,1056912,1067904,1.0000
F1,0,69,944432,1124232,0.9925
F1,0,70,1236800,1101728,0.9967
F1,0,71,1068160,1067912,1.0000
F1,0,72,921936,1124224,0.9903
F1,0,73,1214304,1101656,0.9976
F1,0,74,1135568,1056736,0.9987
F1,0,75,910688,1135480,0.9881
F1,0,76,1180560,1101648,0.9988
F1,0,77,1158144,1056744,0.9979
F1,0,78,933184,1124224,0.9915
F1,0,79,1113072,1112904,1.0000
F1,0,80,1203056,1067984,0.9965
F1,0,81,955680,1101736,0.9950
F1,0,82,1045664,1124144,0.9987
F1,0,83,1214304,1079240,0.9965
F1,0,84,1000672,1090400,0.9982
F1,0,85,989424,1124232,0.9959
F1,0,86,1225472,1090488,0.9966
F1,0,87,1045664,1079152,0.9998
F1,0,88,944432,1124232,0.9925
F1,0,89,1236800,1101728,0.9967
F1,0,90,1068160,1067912,1.0000
F1,5,1,3946624,4025416,0.9999
F1,5,2,5030424,4749072,0.9992
F1,5,3,4983536,4691240,0.9991
F1,5,4,5026928,4273480,0.9935
F1,5,5,4959344,5274200,0.9991
F1,5,6,4936832,4835616,0.9999
F1,5,7,4914376,4858216,1.0000
F1,5,8,4948096,4824464,0.9998
F1,5,9,4352136,4352080,1.0000
F1,5,10,4801920,4970680,0.9997
F1,5,11,4880712,4846952,1.0000
F1,5,12,5049344,4756912,0.9991
F1,5,13,5026856,4745728,0.9992
F1,5,14,4318328,3879824,0.9971
F1,5,15,5139336,4610728,0.9971
F1,5,16,4936856,4835720,0.9999
F1,5,17,4993152,4599408,0.9983
F1,5,18,4993184,4959400,1.0000
F1,5,19,4745736,4768152,1.0000
F1,5,20,4599504,4385792,0.9994
F1,5,21,5049296,4711976,0.9988
F1,5,22,5071936,4700744,0.9986
F1,5,23,5094344,4678256,0.9982
F1,5,24,4914432,4824360,0.9999
F1,5,25,4936808,4869448,1.0000
F1,5,26,4408464,4329552,0.9999
F1,5,27,4869440,4903176,1.0000
F1,5,28,5038080,4734456,0.9990
F1,5,29,5026912,4745720,0.9992
F1,5,30,4936920,4835616,0.9999
F1,5,31,933224,877064,0.9990
F1,5,32,1135488,1068080,0.9991
F1,5,33,1023088,1101840,0.9986
F1,5,34,1079328,1101848,0.9999
F1,5,35,1135568,1248152,0.9978
F1,5,36,933184,1191808,0.9854
F1,5,37,966848,1101984,0.9958
F1,5,38,1079328,1293120,0.9919
F1,5,39,1124320,1281872,0.9957
F1,5,40,1158064,1484112,0.9850
F1,5,41,1034416,1394272,0.9785
F1,5,42,1203056,1225632,0.9999
F1,5,43,1101824,1484176,0.9786
F1,5,44,1068160,1428016,0.9796
F1,5,45,1169248,1259296,0.9986
F1,5,46,1101824,1473008,0.9796
F1,5,47,1090656,1416768,0.9834
F1,5,48,1146736,1270544,0.9974
F1,5,49,1113152,1472928,0.9810
F1,5,50,1101904,1405520,0.9855
F1,5,51,1124240,1293120,0.9951
F1,5,52,1124400,1450432,0.9842
F1,5,53,1079408,1439264,0.9800
F1,5,54,1135568,1281792,0.9964
F1,5,55,1124320,1383024,0.9895
F1,5,56,1101904,1484176,0.9786
F1,5,57,1124400,1293120,0.9952
F1,5,58,1124320,1326784,0.9932
F1,5,59,1146816,1484176,0.9838
F1,5,60,1045664,1383024,0.9811
F1,5,61,1191808,1236880,0.9997
F1,5,62,1101904,1484176,0.9786
F1,5,63,1079408,1416768,0.9821
F1,5,64,1169312,1259296,0.9986
F1,5,65,1090656,1484256,0.9772
F1,5,66,1090576,1416768,0.9834
F1,5,67,1158144,1259296,0.9983
F1,5,68,1113072,1472928,0.9810
F1,5,69,1090656,1416768,0.9834
F1,5,70,1124320,1293120,0.9951
F1,5,71,1124400,1450432,0.9842
F1,5,72,1090656,1428016,0.9824
F1,5,73,1135568,1281792,0.9964
F1,5,74,1124320,1394272,0.9886
F1,5,75,1101904,1472928,0.9797
F1,5,76,1124400,1293120,0.9952
F1,5,77,1124320,1338032,0.9925
F1,5,78,1135648,1484176,0.9826
F1,5,79,1056832,1371776,0.9835
F1,5,80,1180640,1248128,0.9992
F1,5,81,1101824,1484176,0.9786
F1,5,82,1079408,1416768,0.9821
F1,5,83,1180560,1248048,0.9992
F1,5,84,1090656,1484256,0.9772
F1,5,85,1079328,1428016,0.9810
F1,5,86,1169344,1248048,0.9989
F1,5,87,1113056,1473008,0.9810
F1,5,88,1090656,1416688,0.9834
F1,5,89,1113072,1304368,0.9938
F1,5,90,1124400,1450368,0.9842
F1,10,1,3946624,4025312,0.9999
F1,10,2,5019168,4760360,0.9993
F1,10,3,4927408,4848656,0.9999
F1,10,4,5071768,4700704,0.9986
F1,10,5,5038152,4734360,0.9990
F1,10,6,4880776,4678232,0.9996
F1,10,7,4487104,4262144,0.9993
F1,10,8,4948096,4981792,1.0000
F1,10,9,5015664,4756912,0.9993
F1,10,10,4948208,4824472,0.9998
F1,10,11,4835704,4734456,0.9999
F1,10,12,4464488,4442136,1.0000
F1,10,13,5026904,4745712,0.9992
F1,10,14,4914448,4858200,1.0000
F1,10,15,5094320,4678168,0.9982
F1,10,16,5038144,4734424,0.9990
F1,10,17,4903088,4869336,1.0000
F1,10,18,4475800,4329536,0.9997
F1,10,19,5049408,4723176,0.9989
F1,10,20,4869440,4903224,1.0000
F1,10,21,5105568,4666888,0.9980
F1,10,22,5083072,4678216,0.9983
F1,10,23,4509592,3902216,0.9948
F1,10,24,4959440,4509584,0.9977
F1,10,25,5173056,4903072,0.9993
F1,10,26,5094416,4678216,0.9982
F1,10,27,5071920,4700736,0.9986
F1,10,28,5026840,4745728,0.9992
F1,10,29,4397216,4239656,0.9997
F1,10,30,4993160,4779448,0.9995
F1,10,31,921976,888392,0.9997
F1,10,32,1146896,1124320,0.9999
F1,10,33,1090576,1068080,0.9999
F1,10,34,1000672,1000672,1.0000
F1,10,35,1090576,989584,0.9976
F1,10,36,1056832,910688,0.9945
F1,10,37,820704,1023248,0.9881
F1,10,38,1248128,1079488,0.9948
F1,10,39,1169392,1000752,0.9940
F1,10,40,1000672,1124400,0.9966
F1,10,41,1203136,1079408,0.9971
F1,10,42,1259296,1000752,0.9871
F1,10,43,989504,1124400,0.9959
F1,10,44,1124400,1101904,0.9999
F1,10,45,1315536,1012000,0.9833
F1,10,46,1023168,1090656,0.9990
F1,10,47,1034496,1158144,0.9968
F1,10,48,1326784,1023248,0.9836
F1,10,49,1101904,1023168,0.9986
F1,10,50,944512,1214384,0.9846
F1,10,51,1349280,1034496,0.9829
F1,10,52,1090736,1023168,0.9990
F1,10,53,978256,1191888,0.9904
F1,10,54,1304288,1056992,0.9892
F1,10,55,1113152,1011920,0.9977
F1,10,56,1000752,1158144,0.9947
F1,10,57,1259296,1079488,0.9941
F1,10,58,1158144,1000752,0.9947
F1,10,59,1000752,1124400,0.9966
F1,10,60,1214304,1079408,0.9966
F1,10,61,1248128,1000752,0.9880
F1,10,62,989424,1124400,0.9959
F1,10,63,1135648,1101904,0.9998
F1,10,64,1304368,1012000,0.9843
F1,10,65,1023168,1090656,0.9990
F1,10,66,1045664,1146896,0.9979
F1,10,67,1326784,1034496,0.9849
F1,10,68,1090736,1023168,0.9990
F1,10,69,955680,1203136,0.9870
F1,10,70,1349280,1034496,0.9829
F1,10,71,1090656,1023168,0.9990
F1,10,72,978256,1191888,0.9904
F1,10,73,1304288,1056992,0.9892
F1,10,74,1113152,1011920,0.9977
F1,10,75,1000752,1169392,0.9940
F1,10,76,1259296,1079488,0.9941
F1,10,77,1146896,1000752,0.9954
F1,10,78,1012000,1124400,0.9972
F1,10,79,1214304,1079408,0.9966
F1,10,80,1236880,1000752,0.9890
F1,10,81,989424,1124400,0.9959
F1,10,82,1146896,1090656,0.9994
F1,10,83,1304368,1012000,0.9843
F1,10,84,1011920,1101904,0.9982
F1,10,85,1056912,1135648,0.9987
F1,10,86,1326784,1023248,0.9836
F1,10,87,1068240,1045664,0.9999
F1,10,88,978176,1191888,0.9904
F1,10,89,1349280,1034496,0.9829
F1,10,90,1090656,1023168,0.9990
F1,15,1,3946624,4025376,0.9999
F1,15,2,5019128,4760320,0.9993
F1,15,3,4938632,4668632,0.9992
F1,15,4,5049328,4723224,0.9989
F1,15,5,5015672,4756880,0.9993
F1,15,6,5015600,4633224,0.9984
F1,15,7,5105536,4779424,0.9989
F1,15,8,4970680,4801752,0.9997
F1,15,9,4498264,4273408,0.9993
F1,15,10,4903120,4869440,1.0000
F1,15,11,4408440,4464608,1.0000
F1,15,12,5521656,5150448,0.9988
F1,15,13,4936936,4835704,0.9999
F1,15,14,4419632,4183280,0.9992
F1,15,15,5296864,4464584,0.9928
F1,15,16,5116768,4655616,0.9978
F1,15,17,4993176,4768192,0.9995
F1,15,18,4959424,4813224,0.9998
F1,15,19,4948168,4824384,0.9998
F1,15,20,4352128,4352232,1.0000
F1,15,21,4993096,4779472,0.9995
F1,15,22,5094360,4678144,0.9982
F1,15,23,5173072,4599504,0.9966
F1,15,24,4948216,4813200,0.9998
F1,15,25,4993080,4779384,0.9995
F1,15,26,4340952,4385880,1.0000
F1,15,27,4936872,4835648,0.9999
F1,15,28,4993104,4779384,0.9995
F1,15,29,4802008,4487040,0.9989
F1,15,30,5386688,4858056,0.9973
F1,15,31,910728,899480,1.0000
F1,15,32,1180480,1079328,0.9980
F1,15,33,1056832,1034416,0.9999
F1,15,34,1034336,1090672,0.9993
F1,15,35,1157984,1214328,0.9994
F1,15,36,978096,1056992,0.9985
F1,15,37,876944,1079408,0.9894
F1,15,38,1259216,1225632,0.9998
F1,15,39,1056832,1259296,0.9924
F1,15,40,1124320,1281872,0.9957
F1,15,41,1191808,1326784,0.9971
F1,15,42,1124320,1225552,0.9981
F1,15,43,1101824,1270624,0.9950
F1,15,44,1169232,1338032,0.9955
F1,15,45,1124320,1281792,0.9957
F1,15,46,1124320,1214384,0.9985
F1,15,47,1135488,1371776,0.9912
F1,15,48,1180560,1259296,0.9990
F1,15,49,1079328,1259376,0.9941
F1,15,50,1146816,1304288,0.9959
F1,15,51,1202976,1293040,0.9987
F1,15,52,1079328,1259376,0.9941
F1,15,53,1090576,1338032,0.9897
F1,15,54,1214304,1293040,0.9990
F1,15,55,1101824,1248048,0.9961
F1,15,56,1079328,1349360,0.9878
F1,15,57,1225552,1281792,0.9995
F1,15,58,1090576,1248048,0.9955
F1,15,59,1124320,1304368,0.9945
F1,15,60,1191728,1315536,0.9976
F1,15,61,1124320,1225552,0.9981
F1,15,62,1101824,1281872,0.9943
F1,15,63,1169312,1338032,0.9955
F1,15,64,1124320,1270544,0.9963
F1,15,65,1124320,1214384,0.9985
F1,15,66,1135568,1383024,0.9904
F1,15,67,1169312,1259296,0.9986
F1,15,68,1090576,1248128,0.9955
F1,15,69,1135568,1315536,0.9946
F1,15,70,1202976,1293040,0.9987
F1,15,71,1090576,1248128,0.9955
F1,15,72,1090576,1349280,0.9889
F1,15,73,1214304,1281792,0.9993
F1,15,74,1090576,1259296,0.9949
F1,15,75,1079328,1349360,0.9878
F1,15,76,1225552,1281792,0.9995
F1,15,77,1090576,1248048,0.9955
F1,15,78,1135568,1304368,0.9952
F1,15,79,1191728,1304288,0.9980
F1,15,80,1113072,1236800,0.9972
F1,15,81,1090656,1281872,0.9935
F1,15,82,1191728,1338032,0.9967
F1,15,83,1124320,1259296,0.9968
F1,15,84,1124320,1225632,0.9981
F1,15,85,1135568,1383024,0.9904
F1,15,86,1158064,1259296,0.9982
F1,15,87,1101824,1236880,0.9967
F1,15,88,1135520,1326784,0.9940
F1,15,89,1191728,1293040,0.9983
F1,15,90,1101824,1236880,0.9967
F1,20,1,4104216,3834032,0.9988
F1,20,2,5030360,4737800,0.9991
F1,20,3,4859824,4713832,0.9998
F1,20,4,4869456,4903280,1.0000
F1,20,5,4936840,4835584,0.9999
F1,20,6,4936832,4824376,0.9999
F1,20,7,4970712,4801936,0.9997
F1,20,8,4903192,4869368,1.0000
F1,20,9,4419704,4284712,0.9998
F1,20,10,4813216,4959416,0.9998
F1,20,11,4824464,4948072,0.9998
F1,20,12,4914344,4858208,1.0000
F1,20,13,4903208,4869456,1.0000
F1,20,14,4239608,4160928,0.9999
F1,20,15,5116920,4655720,0.9978
F1,20,16,4903224,4858224,1.0000
F1,20,17,4801952,4970576,0.9997
F1,20,18,4869456,4903224,1.0000
F1,20,19,4903048,4869464,1.0000
F1,20,20,4329632,4430880,0.9999
F1,20,21,4925784,4846952,0.9999
F1,20,22,5060592,4711984,0.9987
F1,20,23,5083184,4678152,0.9983
F1,20,24,4880712,4891952,1.0000
F1,20,25,4846976,4925712,0.9999
F1,20,26,4363384,4408456,1.0000
F1,20,27,4993184,4779480,0.9995
F1,20,28,4948128,4622000,0.9988
F1,20,29,5049344,4914464,0.9998
F1,20,30,4970672,4801872,0.9997
F1,20,31,955800,888320,0.9987
F1,20,32,1146816,1124240,0.9999
F1,20,33,1079248,1113016,0.9998
F1,20,34,1079328,1124416,0.9996
F1,20,35,1135568,1281872,0.9964
F1,20,36,989344,1113152,0.9965
F1,20,37,944352,955840,1.0000
F1,20,38,1079488,1428096,0.9810
F1,20,39,1090656,1248072,0.9955
F1,20,40,1236744,1281872,0.9997
F1,20,41,1146896,1439264,0.9874
F1,20,42,1169312,1270544,0.9983
F1,20,43,1191888,1281872,0.9987
F1,20,44,1169392,1484256,0.9861
F1,20,45,1146816,1293040,0.9964
F1,20,46,1191808,1259376,0.9992
F1,20,47,1158144,1518000,0.9822
F1,20,48,1146896,1293040,0.9964
F1,20,49,1180560,1259376,0.9990
F1,20,50,1248048,1439216,0.9950
F1,20,51,1079408,1360528,0.9869
F1,20,52,1191808,1248128,0.9995
F1,20,53,1248128,1383024,0.9974
F1,20,54,1068160,1428016,0.9796
F1,20,55,1169312,1270544,0.9983
F1,20,56,1293120,1293120,1.0000
F1,20,57,1068160,1473008,0.9752
F1,20,58,1169392,1270544,0.9983
F1,20,59,1270544,1281872,1.0000
F1,20,60,1135648,1439264,0.9863
F1,20,61,1169392,1270544,0.9983
F1,20,62,1203056,1281872,0.9990
F1,20,63,1169392,1473008,0.9870
F1,20,64,1135648,1304288,0.9952
F1,20,65,1203056,1248128,0.9997
F1,20,66,1146896,1529168,0.9800
F1,20,67,1158144,1281872,0.9974
F1,20,68,1180640,1259376,0.9990
F1,20,69,1236800,1450512,0.9937
F1,20,70,1090656,1349280,0.9889
F1,20,71,1180640,1259376,0.9990
F1,20,72,1259376,1383024,0.9978
F1,20,73,1068160,1416768,0.9807
F1,20,74,1169312,1270544,0.9983
F1,20,75,1281872,1304368,0.9999
F1,20,76,1068160,1473008,0.9752
F1,20,77,1169296,1270544,0.9983
F1,20,78,1281824,1281872,1.0000
F1,20,79,1124400,1439264,0.9851
F1,20,80,1169392,1270544,0.9983
F1,20,81,1214304,1281872,0.9993
F1,20,82,1169392,1461760,0.9878
F1,20,83,1135648,1304288,0.9952
F1,20,84,1203056,1248128,0.9997
F1,20,85,1146896,1529168,0.9800
F1,20,86,1158144,1281872,0.9974
F1,20,87,1180640,1259376,0.9990
F1,20,88,1225552,1461760,0.9923
F1,20,89,1101904,1338032,0.9907
F1,20,90,1169392,1270624,0.9983
F1,30,1,3946608,4025376,0.9999
F1,30,2,5019160,4760320,0.9993
F1,30,3,4949936,4668624,0.9991
F1,30,4,5071920,4700736,0.9986
F1,30,5,4992976,4779456,0.9995
F1,30,6,5015552,4745720,0.9992
F1,30,7,5083176,4689288,0.9984
F1,30,8,4948120,4824456,0.9998
F1,30,9,4487032,4228544,0.9991
F1,30,10,4914440,4858064,1.0000
F1,30,11,4678248,4790704,0.9999
F1,30,12,5341664,4734488,0.9964
F1,30,13,4993176,4768224,0.9995
F1,30,14,4093440,4082184,1.0000
F1,30,15,4993168,4768192,0.9995
F1,30,16,4970592,4801984,0.9997
F1,30,17,4903176,4858088,1.0000
F1,30,18,4858192,4914456,1.0000
F1,30,19,5026816,4745736,0.9992
F1,30,20,4385864,4295904,0.9999
F1,30,21,4824432,4734464,0.9999
F1,30,22,5240504,4745728,0.9976
F1,30,23,5173168,4588168,0.9964
F1,30,24,5038104,4734504,0.9990
F1,30,25,5004432,4768256,0.9994
F1,30,26,4498328,4205904,0.9989
F1,30,27,5026936,4745720,0.9992
F1,30,28,4532072,4678216,0.9997
F1,30,29,5746616,4576952,0.9873
F1,30,30,5105656,4666848,0.9980
F1,30,31,944472,809632,0.9941
F1,30,32,1068160,1011840,0.9993
F1,30,33,1034336,1034352,1.0000
F1,30,34,1034336,966944,0.9989
F1,30,35,1079328,1180640,0.9980
F1,30,36,1011920,922016,0.9978
F1,30,37,1000672,955760,0.9995
F1,30,38,1079328,1169472,0.9984
F1,30,39,1169312,1000696,0.9940
F1,30,40,1113072,1270624,0.9957
F1,30,41,1045584,1270624,0.9906
F1,30,42,1180560,1000672,0.9932
F1,30,43,1124320,1214464,0.9985
F1,30,44,1034336,1338032,0.9839
F1,30,45,1191728,989504,0.9915
F1,30,46,1113152,1203136,0.9985
F1,30,47,1045584,1293120,0.9889
F1,30,48,1169232,1056912,0.9975
F1,30,49,1124320,1169392,0.9996
F1,30,50,1101904,1259376,0.9956
F1,30,51,1112992,1124480,1.0000
F1,30,52,1135568,1101904,0.9998
F1,30,53,1090576,1315616,0.9913
F1,30,54,1101904,1146896,0.9996
F1,30,55,1191808,1023248,0.9942
F1,30,56,1090576,1315536,0.9913
F1,30,57,1090576,1180640,0.9984
F1,30,58,1169312,1023248,0.9956
F1,30,59,1101824,1281872,0.9943
F1,30,60,1056832,1259376,0.9924
F1,30,61,1180560,1000752,0.9933
F1,30,62,1124320,1225632,0.9981
F1,30,63,1023168,1338032,0.9825
F1,30,64,1202976,978256,0.9895
F1,30,65,1113152,1203136,0.9985
F1,30,66,1034336,1304368,0.9868
F1,30,67,1180560,1045664,0.9963
F1,30,68,1124320,1180640,0.9994
F1,30,69,1090576,1259376,0.9949
F1,30,70,1124320,1113232,1.0000
F1,30,71,1135568,1113152,0.9999
F1,30,72,1090576,1304368,0.9921
F1,30,73,1101904,1146896,0.9996
F1,30,74,1180560,1034496,0.9957
F1,30,75,1101824,1315536,0.9922
F1,30,76,1090576,1169392,0.9988
F1,30,77,1169312,1023248,0.9956
F1,30,78,1101824,1293088,0.9937
F1,30,79,1056832,1248128,0.9932
F1,30,80,1180560,1011920,0.9941
F1,30,81,1124320,1225632,0.9981
F1,30,82,1011920,1338112,0.9811
F1,30,83,1203056,978256,0.9895
F1,30,84,1124320,1191888,0.9991
F1,30,85,1023072,1315616,0.9846
F1,30,86,1191760,1034416,0.9950
F1,30,87,1124320,1191888,0.9991
F1,30,88,1079328,1259376,0.9941
F1,30,89,1135568,1101984,0.9998
F1,30,90,1124320,1124400,1.0000
    Success.
