F1,0,1,5298160,29719456,0.6728
F1,0,2,9450800,42437360,0.7122
F1,0,3,9942256,38950752,0.7396
F1,0,4,8907320,35564936,0.7357
F1,0,5,9143432,40007656,0.7172
F1,0,6,10594464,42493792,0.7347
F1,0,7,10358504,38545936,0.7506
F1,0,8,11730632,37162432,0.7871
F1,0,9,11854352,37049952,0.7902
F1,0,10,11843184,37061112,0.7899
F1,0,11,11831936,37072368,0.7897
F1,0,12,9289968,39614464,0.7223
F1,0,13,11584480,37308656,0.7832
F1,0,14,11246984,34755440,0.7929
F1,0,15,12236696,39569176,0.7823
F1,0,16,12596800,36307584,0.8097
F1,0,17,12056896,36847488,0.7956
F1,0,18,11460728,37443632,0.7799
F1,0,19,11292016,37601104,0.7755
F1,0,20,10088568,38815808,0.7435
F1,0,21,10954664,37949792,0.7665
F1,0,22,11831856,37072448,0.7897
F1,0,23,11528224,37376144,0.7816
F1,0,24,10785864,36251288,0.7733
F1,0,25,10954456,39805432,0.7558
F1,0,26,8300296,39310800,0.7021
F1,0,27,12945264,37252192,0.8101
F1,0,28,12585552,36318832,0.8094
F1,0,29,12045648,36858656,0.7953
F1,0,30,11426976,37466128,0.7790
F1,0,31,2170416,5859968,0.8257
F1,0,32,3249888,6241504,0.9096
F1,0,33,2923800,6849064,0.8611
F1,0,34,3024880,6736512,0.8737
F1,0,35,3013688,6759096,0.8719
F1,0,36,2620208,7152776,0.8230
F1,0,37,2462632,7310224,0.8025
F1,0,38,2507656,7265312,0.8084
F1,0,39,2338912,7422704,0.7866
F1,0,40,2237760,7535240,0.7729
F1,0,41,1979224,7793960,0.7386
F1,0,42,1731776,8041408,0.7058
F1,0,43,967168,4881096,0.6907
F1,0,44,22496,3092816,0.5073
F1,0,45,0,18534136,0.5000
F1,0,46,0,3149064,0.5000
F1,0,47,2928568,7389112,0.8425
F1,0,48,2733936,14833744,0.6783
F1,0,49,1405480,6736816,0.6999
F1,0,50,22496,11160,0.8981
F1,0,51,4002520,17127296,0.7216
F1,0,52,1517712,8255088,0.6778
F1,0,53,1675288,8097576,0.6984
F1,0,54,1596168,8176240,0.6881
F1,0,55,1798640,7973864,0.7146
F1,0,56,1596088,8176240,0.6880
F1,0,57,1753632,8007608,0.7090
F1,0,58,1686296,8086256,0.6998
F1,0,59,1674896,8097592,0.6984
F1,0,60,1742424,8030016,0.7072
F1,0,61,1584944,8187576,0.6866
F1,0,62,1641152,8120072,0.6942
F1,0,63,393400,1282080,0.7804
F1,0,64,303520,3542736,0.5850
F1,0,65,11160,4014888,0.5028
F1,0,66,292360,8693648,0.5336
F1,0,67,191128,7208840,0.5265
F1,0,68,0,9728064,0.5000
F1,0,69,1584840,21862968,0.5721
F1,0,70,3479512,15519560,0.7135
F1,0,71,888336,4881176,0.6762
F1,0,72,337440,4892352,0.5686
F1,0,73,2698112,15619976,0.6677
F1,0,74,1000448,8761264,0.6127
F1,0,75,1146256,8626328,0.6306
F1,0,76,1191328,8581168,0.6362
F1,0,77,1191232,8581256,0.6362
F1,0,78,1213736,8558672,0.6390
F1,0,79,1281216,8491104,0.6475
F1,0,80,1236232,8525040,0.6420
F1,0,81,1191232,8581168,0.6362
F1,0,82,1179888,8592480,0.6348
F1,0,83,1157872,8614888,0.6320
F1,0,84,865528,6073216,0.6397
F1,0,85,89888,1270848,0.5704
F1,0,86,472136,3576512,0.6297
F1,0,87,494632,5499472,0.5892
F1,0,88,0,10616848,0.5000
F1,0,89,449640,1855528,0.7289
F1,0,90,0,27677128,0.5000
F1,5,1,5329112,29438208,0.6753
F1,5,2,8292400,43854904,0.6826
F1,5,3,9402304,39490520,0.7253
F1,5,4,8896232,35385104,0.7365
F1,5,5,10099184,41581976,0.7293
F1,5,6,9019792,41728520,0.7065
F1,5,7,9526120,39378280,0.7285
F1,5,8,12146960,36746256,0.7980
F1,5,9,11112024,37792288,0.7706
F1,5,10,10898256,38005952,0.7650
F1,5,11,10909656,37994784,0.7653
F1,5,12,9672184,39232064,0.7324
F1,5,13,10707208,38197168,0.7599
F1,5,14,11573232,37319904,0.7829
F1,5,15,11258288,37646096,0.7745
F1,5,16,10032336,35036136,0.7646
F1,5,17,13710208,39029600,0.8127
F1,5,18,12034400,36870064,0.7950
F1,5,19,11786864,37106112,0.7885
F1,5,20,11831936,37072416,0.7897
F1,5,21,11831936,37072336,0.7897
F1,5,22,9841040,39063344,0.7369
F1,5,23,11606976,37297376,0.7837
F1,5,24,11618224,37286080,0.7840
F1,5,25,10156064,34350400,0.7719
F1,5,26,12956432,40333440,0.7912
F1,5,27,12338096,36566288,0.8029
F1,5,28,11888176,37016128,0.7911
F1,5,29,11831936,37072368,0.7897
F1,5,30,11865600,37038704,0.7905
F1,5,31,2260408,5859968,0.8358
F1,5,32,3632176,6140440,0.9382
F1,5,33,3317408,6455384,0.9065
F1,5,34,3362168,6410408,0.9113
F1,5,35,3204816,6556536,0.8945
F1,5,36,2901112,6871576,0.8583
F1,5,37,2665088,7107816,0.8287
F1,5,38,2743792,7029096,0.8387
F1,5,39,2395312,7377704,0.7937
F1,5,40,2316576,7445272,0.7837
F1,5,41,2125272,7647752,0.7580
F1,5,42,1225768,4723600,0.7431
F1,5,43,517320,2890456,0.6734
F1,5,44,2465936,17465824,0.6384
F1,5,45,415992,1732008,0.7271
F1,5,46,44992,8052640,0.5056
F1,5,47,3922128,15126104,0.7430
F1,5,48,1945280,7827784,0.7341
F1,5,49,134976,584800,0.7191
F1,5,50,22296,9402184,0.5024
F1,5,51,6610816,12562104,0.9121
F1,5,52,2158760,7602744,0.7628
F1,5,53,2091248,7681416,0.7535
F1,5,54,2068664,7703824,0.7505
F1,5,55,2091160,7681416,0.7535
F1,5,56,2113744,7658920,0.7565
F1,5,57,2068664,7692664,0.7508
F1,5,58,2091160,7681328,0.7535
F1,5,59,2068656,7703912,0.7505
F1,5,60,2023648,7748904,0.7445
F1,5,61,1967464,7805112,0.7370
F1,5,62,1079280,3340288,0.7926
F1,5,63,539640,3700040,0.6428
F1,5,64,44992,618640,0.5723
F1,5,65,0,7895000,0.5000
F1,5,66,2945160,25202416,0.6153
F1,5,67,0,0,1.0000
F1,5,68,0,12258792,0.5000
F1,5,69,5861424,14664960,0.8446
F1,5,70,921856,5184776,0.6724
F1,5,71,348600,1911984,0.6765
F1,5,72,3630840,11089008,0.7957
F1,5,73,1855248,14136376,0.6290
F1,5,74,1675088,8097648,0.6984
F1,5,75,1641344,8131248,0.6940
F1,5,76,1641160,8120088,0.6942
F1,5,77,1641056,8131248,0.6939
F1,5,78,1652408,8120000,0.6954
F1,5,79,1652312,8120088,0.6954
F1,5,80,1731136,8041352,0.7057
F1,5,81,1956112,7805144,0.7358
F1,5,82,1742400,8030104,0.7072
F1,5,83,1708640,8063840,0.7028
F1,5,84,730736,2811624,0.7435
F1,5,85,224768,2777880,0.5804
F1,5,86,0,0,1.0000
F1,5,87,0,8850992,0.5000
F1,5,88,5237352,25573800,0.6966
F1,5,89,202368,2867864,0.5702
F1,5,90,2549648,16554552,0.6504
F1,10,1,5486424,29183896,0.6816
F1,10,2,8651944,43591776,0.6910
F1,10,3,9267384,37252328,0.7343
F1,10,4,10853200,40423696,0.7504
F1,10,5,10909552,37994784,0.7653
F1,10,6,10617104,38287232,0.7575
F1,10,7,10201056,38703288,0.7465
F1,10,8,11977992,36914976,0.7936
F1,10,9,11978160,36926224,0.7935
F1,10,10,11921888,36982376,0.7920
F1,10,11,11820608,37083696,0.7894
F1,10,12,9211312,39693152,0.7202
F1,10,13,12619288,36285088,0.8103
F1,10,14,12990480,35902656,0.8199
F1,10,15,12529312,36375072,0.8079
F1,10,16,12383008,36521296,0.8041
F1,10,17,12349344,36554960,0.8032
F1,10,18,11078400,37826064,0.7697
F1,10,19,11449568,37454800,0.7796
F1,10,20,12270576,36622528,0.8012
F1,10,21,11989328,36914976,0.7938
F1,10,22,11111968,37792152,0.7706
F1,10,23,10763320,38140648,0.7614
F1,10,24,8514000,40390608,0.7018
F1,10,25,9604832,39288304,0.7307
F1,10,26,8513848,35587680,0.7263
F1,10,27,13732656,39974048,0.8073
F1,10,28,12461744,36442640,0.8062
F1,10,29,12225616,36678688,0.8000
F1,10,30,12158120,36746256,0.7982
F1,10,31,2338952,5781232,0.8477
F1,10,32,3621056,6151584,0.9372
F1,10,33,3351160,6421616,0.9102
F1,10,34,3384584,6387824,0.9137
F1,10,35,3294800,6477856,0.9041
F1,10,36,2991184,6770336,0.8697
F1,10,37,2799976,6972792,0.8458
F1,10,38,2766504,7006600,0.8416
F1,10,39,2732576,7040264,0.8373
F1,10,40,2541448,7231560,0.8128
F1,10,41,2159016,7602736,0.7628
F1,10,42,1956640,7816432,0.7356
F1,10,43,607224,2204328,0.7560
F1,10,44,236128,730944,0.7925
F1,10,45,44736,1743344,0.5256
F1,10,46,0,0,1.0000
F1,10,47,1866552,39069216,0.5477
F1,10,48,4130488,7973992,0.9084
F1,10,49,89984,1529640,0.5586
F1,10,50,1798880,7546432,0.7256
F1,10,51,3878560,14462664,0.7502
F1,10,52,2012536,7760192,0.7430
F1,10,53,1989928,7782648,0.7400
F1,10,54,1956184,7805144,0.7358
F1,10,55,1967520,7805144,0.7370
F1,10,56,1967432,7805056,0.7370
F1,10,57,1967432,7805056,0.7370
F1,10,58,1944936,7827640,0.7340
F1,10,59,1967432,7422712,0.7477
F1,10,60,1956272,0,0.5000
F1,10,61,719432,7017872,0.6014
F1,10,62,787008,0,0.5000
F1,10,63,0,11032704,0.5000
F1,10,64,0,5994392,0.5000
F1,10,65,1574016,0,0.5000
F1,10,66,719344,0,0.5000
F1,10,67,4459840,36775344,0.6195
F1,10,68,2043936,15125616,0.6327
F1,10,69,1416784,7850288,0.6748
F1,10,70,0,0,1.0000
F1,10,71,4069480,9964496,0.8500
F1,10,72,1821320,13967952,0.6282
F1,10,73,1551272,8210048,0.6824
F1,10,74,1720176,8052600,0.7043
F1,10,75,2046088,7726408,0.7475
F1,10,76,1742392,8030016,0.7072
F1,10,77,1944864,7827616,0.7340
F1,10,78,1978656,7782640,0.7388
F1,10,79,1888624,7883880,0.7266
F1,10,80,1978624,7793896,0.7385
F1,10,81,1810016,7962528,0.7161
F1,10,82,1483872,3632752,0.8501
F1,10,83,359744,3047768,0.6164
F1,10,84,989272,1642024,0.9420
F1,10,85,0,5364648,0.5000
F1,10,86,0,19647408,0.5000
F1,10,87,398480,5825712,0.5681
F1,10,88,4501328,13382912,0.8022
F1,10,89,2245704,15530928,0.6416
F1,10,90,1180528,8581400,0.6350
F1,15,1,5610856,29942040,0.6810
F1,15,2,9090776,42268640,0.7056
F1,15,3,10133528,38770888,0.7447
F1,15,4,10707008,38197112,0.7599
F1,15,5,11269560,37623600,0.7749
F1,15,6,10437136,38467088,0.7527
F1,15,7,10133560,38770896,0.7447
F1,15,8,11944344,36959888,0.7926
F1,15,9,11955648,36948720,0.7929
F1,15,10,11843168,37061120,0.7899
F1,15,11,11730688,37162432,0.7871
F1,15,12,8963848,39940608,0.7137
F1,15,13,11100640,37803232,0.7703
F1,15,14,11708208,37196144,0.7864
F1,15,15,10043584,34102944,0.7710
F1,15,16,13845016,39805104,0.8103
F1,15,17,12608048,36296336,0.8100
F1,15,18,12338016,36566288,0.8029
F1,15,19,12248112,36656272,0.8006
F1,15,20,12270608,36633776,0.8012
F1,15,21,10257288,38635840,0.7480
F1,15,22,11933168,36971216,0.7923
F1,15,23,12090640,36813744,0.7965
F1,15,24,11831936,37072368,0.7897
F1,15,25,11280672,37623376,0.7751
F1,15,26,11741952,37162432,0.7873
F1,15,27,8244032,37016288,0.7122
F1,15,28,13080160,39456472,0.7987
F1,15,29,13012976,35891408,0.8204
F1,15,30,12428080,36476304,0.8053
F1,15,31,2294096,5702464,0.8463
F1,15,32,3823144,5937808,0.9552
F1,15,33,3441120,6331656,0.9196
F1,15,34,3576016,6196688,0.9329
F1,15,35,3373528,6399152,0.9125
F1,15,36,3182328,6590288,0.8916
F1,15,37,3036192,6725312,0.8750
F1,15,38,3126352,6646616,0.8852
F1,15,39,3126264,6646680,0.8851
F1,15,40,2856408,6916624,0.8528
F1,15,41,2609032,7164048,0.8215
F1,15,42,2384056,7377768,0.7926
F1,15,43,2147776,7625216,0.7610
F1,15,44,1484120,6084432,0.7302
F1,15,45,67488,517320,0.6283
F1,15,46,0,641048,0.5000
F1,15,47,27792,23201576,0.5012
F1,15,48,197016,3182824,0.5617
F1,15,49,0,12011320,0.5000
F1,15,50,7419472,13506728,0.9220
F1,15,51,78736,1574536,0.5499
F1,15,52,3365808,7827624,0.8629
F1,15,53,2282688,14170448,0.6570
F1,15,54,1877784,7895168,0.7251
F1,15,55,1945192,7816304,0.7343
F1,15,56,2046344,7726272,0.7475
F1,15,57,2057592,7715128,0.7490
F1,15,58,2046320,7726384,0.7475
F1,15,59,2068752,7703776,0.7505
F1,15,60,2124984,7647656,0.7579
F1,15,61,2102496,7658888,0.7553
F1,15,62,1866376,7906248,0.7236
F1,15,63,1922600,146224,0.5756
F1,15,64,258616,9053472,0.5285
F1,15,65,4036104,13889168,0.7680
F1,15,66,1821312,7951408,0.7176
F1,15,67,2035024,7737656,0.7460
F1,15,68,1944856,7827552,0.7340
F1,15,69,2136080,7636424,0.7594
F1,15,70,1922384,7838888,0.7313
F1,15,71,2012344,7759992,0.7430
F1,15,72,2113528,7658936,0.7564
F1,15,73,1911112,7861296,0.7295
F1,15,74,2001136,7771400,0.7415
F1,15,75,1956240,7816384,0.7355
F1,15,76,427136,1293344,0.7978
F1,15,77,1292864,5477072,0.7236
F1,15,78,89896,0,0.5000
F1,15,79,1495264,8389848,0.6727
F1,15,80,3664208,21649008,0.6645
F1,15,81,1236656,5398480,0.7177
F1,15,82,2561872,15407392,0.6618
F1,15,83,1484072,8288848,0.6735
F1,15,84,1371488,8401280,0.6590
F1,15,85,1506272,8254976,0.6766
F1,15,86,764480,3047856,0.7360
F1,15,87,2371568,13360952,0.6721
F1,15,88,1506272,7883968,0.6843
F1,15,89,0,0,1.0000
F1,15,90,3214960,12393544,0.7431
F1,20,1,5238880,29839264,0.6703
F1,20,2,8730808,43112288,0.6945
F1,20,3,9661016,39243056,0.7321
F1,20,4,9458576,35441400,0.7491
F1,20,5,9964576,42943184,0.7202
F1,20,6,10065928,38827136,0.7429
F1,20,7,10099816,38804560,0.7438
F1,20,8,11685696,37218672,0.7858
F1,20,9,11618128,37286128,0.7840
F1,20,10,11663216,37241088,0.7852
F1,20,11,11674384,37229920,0.7855
F1,20,12,9155224,39738224,0.7188
F1,20,13,11168304,37736080,0.7721
F1,20,14,12304240,36599952,0.8020
F1,20,15,12585472,36318832,0.8094
F1,20,16,12045640,36858736,0.7953
F1,20,17,11325744,37567280,0.7764
F1,20,18,11280752,37623600,0.7751
F1,20,19,10021056,38883280,0.7417
F1,20,20,10932168,37972288,0.7659
F1,20,21,11708208,37196096,0.7864
F1,20,22,11505664,37398640,0.7810
F1,20,23,10808344,37612296,0.7654
F1,20,24,10369664,39006712,0.7483
F1,20,25,8480184,40244384,0.7018
F1,20,26,12292968,36790856,0.8006
F1,20,27,12326848,36577536,0.8026
F1,20,28,11933168,36971128,0.7923
F1,20,29,11213272,37679840,0.7734
F1,20,30,11291992,37612272,0.7754
F1,20,31,2136728,5882544,0.8209
F1,20,32,2968624,6500192,0.8779
F1,20,33,3013600,6747744,0.8723
F1,20,34,2867384,6894080,0.8546
F1,20,35,2811048,6961552,0.8472
F1,20,36,2451376,7321496,0.8011
F1,20,37,2305080,7467776,0.7818
F1,20,38,2159016,7602656,0.7628
F1,20,39,2057792,7715240,0.7490
F1,20,40,1888976,7883968,0.7266
F1,20,41,1686760,8086400,0.6999
F1,20,42,1011984,6095776,0.6616
F1,20,43,0,1979376,0.5000
F1,20,44,0,0,1.0000
F1,20,45,11248,12146544,0.5009
F1,20,46,202040,9716464,0.5208
F1,20,47,4022408,23414424,0.6669
F1,20,48,686128,3722728,0.6783
F1,20,49,2022528,6399472,0.7873
F1,20,50,1765192,14707760,0.6183
F1,20,51,1596512,8176448,0.6881
F1,20,52,1618880,8153832,0.6910
F1,20,53,1630080,8142496,0.6925
F1,20,54,1618832,8153832,0.6910
F1,20,55,1596424,8176328,0.6881
F1,20,56,1573840,8187488,0.6854
F1,20,57,1540080,5240952,0.7705
F1,20,58,1562592,3227824,0.8922
F1,20,59,1427704,8367456,0.6658
F1,20,60,0,3295256,0.5000
F1,20,61,1393936,8648568,0.6571
F1,20,62,0,8850944,0.5000
F1,20,63,753264,0,0.5000
F1,20,64,0,0,1.0000
F1,20,65,0,31276640,0.5000
F1,20,66,0,13349192,0.5000
F1,20,67,0,7647920,0.5000
F1,20,68,4775536,15821936,0.7766
F1,20,69,685752,9087480,0.5750
F1,20,70,314768,1394576,0.7148
F1,20,71,730640,6309424,0.6143
F1,20,72,1359696,12225056,0.6099
F1,20,73,1752872,14991512,0.6153
F1,20,74,887824,8884928,0.5989
F1,20,75,1000120,8772472,0.6125
F1,20,76,1011360,8761136,0.6139
F1,20,77,1078664,8682400,0.6223
F1,20,78,1213736,8558760,0.6390
F1,20,79,1157392,8614912,0.6320
F1,20,80,1112504,8659992,0.6264
F1,20,81,1123760,8648648,0.6278
F1,20,82,1101440,8659888,0.6252
F1,20,83,1090096,8682488,0.6236
F1,20,84,224768,686040,0.7959
F1,20,85,11152,4341200,0.5026
F1,20,86,0,0,1.0000
F1,20,87,0,11730016,0.5000
F1,20,88,0,17600952,0.5000
F1,20,89,1146248,12370232,0.5919
F1,20,90,3345168,16936736,0.6901
F1,30,1,5317776,29479608,0.6747
F1,30,2,8494880,43629944,0.6876
F1,30,3,9649848,39254424,0.7318
F1,30,4,9852048,39051760,0.7372
F1,30,5,10099592,38804544,0.7438
F1,30,6,10437240,38455920,0.7528
F1,30,7,10021104,38883376,0.7417
F1,30,8,11820688,37083616,0.7894
F1,30,9,11786944,37117440,0.7885
F1,30,10,11809440,37094856,0.7891
F1,30,11,11708128,37184848,0.7865
F1,30,12,9121400,39783216,0.7178
F1,30,13,9908608,34417888,0.7659
F1,30,14,13968888,39512960,0.8143
F1,30,15,12225616,36678768,0.8000
F1,30,16,12011824,36881232,0.7945
F1,30,17,11584480,37319872,0.7831
F1,30,18,11179512,37724752,0.7724
F1,30,19,9256272,39648320,0.7214
F1,30,20,11831936,37072368,0.7897
F1,30,21,11685632,37218672,0.7858
F1,30,22,11246936,37646096,0.7743
F1,30,23,9166224,34788960,0.7464
F1,30,24,11370648,42482296,0.7498
F1,30,25,9582272,39321656,0.7300
F1,30,26,12585632,36318832,0.8094
F1,30,27,12056816,36836160,0.7956
F1,30,28,11820680,37083776,0.7894
F1,30,29,11393248,37511120,0.7781
F1,30,30,11078296,37825984,0.7697
F1,30,31,2136656,5938784,0.8185
F1,30,32,3193752,6365312,0.9008
F1,30,33,2811320,6961448,0.8472
F1,30,34,2867400,6905320,0.8542
F1,30,35,2766136,7006544,0.8416
F1,30,36,2530112,7242760,0.8113
F1,30,37,2147776,7614000,0.7613
F1,30,38,2215272,7557752,0.7699
F1,30,39,1900488,7872616,0.7281
F1,30,40,1832904,7940208,0.7192
F1,30,41,1720424,8041400,0.7046
F1,30,42,269872,2260568,0.6177
F1,30,43,33744,1934384,0.5174
F1,30,44,0,3025448,0.5000
F1,30,45,0,1844400,0.5000
F1,30,46,281120,30129136,0.5093
F1,30,47,4568112,12955320,0.8136
F1,30,48,0,0,1.0000
F1,30,49,3124456,17721736,0.6710
F1,30,50,1731440,8041416,0.7058
F1,30,51,1528904,8232560,0.6795
F1,30,52,1585152,8187576,0.6866
F1,30,53,1585088,6489304,0.7305
F1,30,54,1596424,9874512,0.6576
F1,30,55,1596248,89984,0.5562
F1,30,56,1686232,11662568,0.6416
F1,30,57,1596288,4116328,0.8371
F1,30,58,933040,9638304,0.5959
F1,30,59,168632,6275592,0.5269
F1,30,60,0,8108816,0.5000
F1,30,61,1663616,8232336,0.6942
F1,30,62,1764912,0,0.5000
F1,30,63,0,8592336,0.5000
F1,30,64,3516744,24797720,0.6390
F1,30,65,0,3767712,0.5000
F1,30,66,3169344,15855448,0.6922
F1,30,67,1596560,8176464,0.6881
F1,30,68,786976,1675776,0.8848
F1,30,69,1034240,8322464,0.6224
F1,30,70,3395024,14102984,0.7275
F1,30,71,1427848,8333776,0.6664
F1,30,72,1776432,7996360,0.7117
F1,30,73,1584888,8187576,0.6866
F1,30,74,1697392,8075096,0.7013
F1,30,75,1742432,8030016,0.7072
F1,30,76,1596176,8165080,0.6883
F1,30,77,1697392,8075008,0.7013
F1,30,78,1686200,8086344,0.6998
F1,30,79,1539928,8232568,0.6807
F1,30,80,1641256,8131328,0.6939
F1,30,81,1056688,4970976,0.7034
F1,30,82,292360,2271824,0.6266
F1,30,83,685672,888504,0.9837
F1,30,84,1101664,7681312,0.6405
F1,30,85,0,8491152,0.5000
F1,30,86,0,14181552,0.5000
F1,30,87,0,16790696,0.5000
F1,30,88,4082928,15631880,0.7445
F1,30,89,854584,5983376,0.6400
F1,30,90,1011944,3284056,0.7814
