F1,0,1,17248368,17249616,1.0000
F1,0,2,20560088,23079536,0.9967
F1,0,3,26678752,26971552,1.0000
F1,0,4,23765680,25137960,0.9992
F1,0,5,23674384,25205808,0.9990
F1,0,6,23214832,25689456,0.9974
F1,0,7,19087040,24474768,0.9849
F1,0,8,23934648,27106248,0.9962
F1,0,9,24642880,26229152,0.9990
F1,0,10,23608080,23529560,1.0000
F1,0,11,23799448,23731984,1.0000
F1,0,12,23901064,22157704,0.9986
F1,0,13,24823456,24080864,0.9998
F1,0,14,24733112,24170824,0.9999
F1,0,15,24732864,24149560,0.9999
F1,0,16,23461944,22595672,0.9996
F1,0,17,24136704,24496968,0.9999
F1,0,18,23259984,20920560,0.9972
F1,0,19,24057952,25902600,0.9986
F1,0,20,25745624,24451832,0.9993
F1,0,21,24924104,23686152,0.9994
F1,0,22,24564088,24620504,1.0000
F1,0,23,21988960,21246672,0.9997
F1,0,24,24350928,24541952,1.0000
F1,0,25,23395680,25486952,0.9982
F1,0,26,23439592,25464040,0.9983
F1,0,27,23439400,25464232,0.9983
F1,0,28,20605008,22697584,0.9977
F1,0,29,23957360,24564672,0.9998
F1,0,30,21977520,23337848,0.9991
F1,0,31,5308760,5578512,0.9994
F1,0,32,4599688,4678440,0.9999
F1,0,33,4273584,3857560,0.9974
F1,0,34,4262144,4678512,0.9978
F1,0,35,4273496,4374992,0.9999
F1,0,36,4284720,4194936,0.9999
F1,0,37,4048608,4577456,0.9963
F1,0,38,5162088,4611040,0.9968
F1,0,39,4689840,5083528,0.9984
F1,0,40,4712344,5060944,0.9987
F1,0,41,5364560,4408648,0.9905
F1,0,42,4509872,5252160,0.9943
F1,0,43,4701016,5072280,0.9986
F1,0,44,5308400,4464880,0.9926
F1,0,45,4566040,5207176,0.9957
F1,0,46,4813568,4959712,0.9998
F1,0,47,5207088,4566120,0.9957
F1,0,48,4656104,5106016,0.9979
F1,0,49,4926056,4847240,0.9999
F1,0,50,5117184,4656096,0.9978
F1,0,51,4723504,5049704,0.9989
F1,0,52,4847320,4926048,0.9999
F1,0,53,5207168,4554872,0.9956
F1,0,54,4644776,5128432,0.9976
F1,0,55,4824816,4948552,0.9998
F1,0,56,5150936,4622352,0.9971
F1,0,57,4656016,5117192,0.9978
F1,0,58,4982296,4779824,0.9996
F1,0,59,4880976,4892232,1.0000
F1,0,60,4723592,5049776,0.9989
F1,0,61,5184592,4588536,0.9963
F1,0,62,4644856,5128512,0.9976
F1,0,63,4689840,5072200,0.9985
F1,0,64,5364560,4408640,0.9905
F1,0,65,4521128,5252168,0.9944
F1,0,66,4712344,5061024,0.9987
F1,0,67,5297152,4476136,0.9930
F1,0,68,4611024,5162176,0.9968
F1,0,69,4824824,4937224,0.9999
F1,0,70,5173424,4599856,0.9966
F1,0,71,4678520,5094776,0.9982
F1,0,72,4937296,4835984,0.9999
F1,0,73,5117192,4656104,0.9978
F1,0,74,4678592,5083528,0.9983
F1,0,75,4824744,4948464,0.9998
F1,0,76,5274656,4498632,0.9937
F1,0,77,4633608,5139632,0.9973
F1,0,78,4835984,4937264,0.9999
F1,0,79,5083448,4678512,0.9983
F1,0,80,4712336,5061032,0.9987
F1,0,81,4993464,4779824,0.9995
F1,0,82,4824736,4948472,0.9998
F1,0,83,4723592,5049696,0.9989
F1,0,84,5240912,4532376,0.9948
F1,0,85,4577280,5184752,0.9961
F1,0,86,4701096,5072200,0.9986
F1,0,87,5364640,4408640,0.9905
F1,0,88,4521128,5252168,0.9944
F1,0,89,4746000,5027280,0.9992
F1,0,90,5252168,4509880,0.9943
F1,5,1,17645832,16715768,0.9993
F1,5,2,25227920,23675720,0.9990
F1,5,3,25329600,22759936,0.9972
F1,5,4,22596272,23754816,0.9994
F1,5,5,27409976,24047104,0.9957
F1,5,6,24114528,23653584,0.9999
F1,5,7,24575920,25463888,0.9997
F1,5,8,21943720,21190224,0.9997
F1,5,9,24317296,23282480,0.9995
F1,5,10,22967288,22461152,0.9999
F1,5,11,27521944,26003696,0.9992
F1,5,12,25723080,23327312,0.9976
F1,5,13,24969320,23000976,0.9983
F1,5,14,21145440,18895840,0.9969
F1,5,15,28107320,25058808,0.9967
F1,5,16,24294336,21988960,0.9975
F1,5,17,26881608,24642992,0.9981
F1,5,18,24890664,24012936,0.9997
F1,5,19,22090192,20852824,0.9992
F1,5,20,22326480,22191504,1.0000
F1,5,21,27586152,25689144,0.9987
F1,5,22,22921760,22292544,0.9998
F1,5,23,26307976,23338384,0.9964
F1,5,24,25948176,23495976,0.9975
F1,5,25,23091264,21921464,0.9993
F1,5,26,23406208,23079904,1.0000
F1,5,27,25103936,26217880,0.9995
F1,5,28,24620912,24283136,1.0000
F1,5,29,23630696,22854864,0.9997
F1,5,30,23338640,22348784,0.9995
F1,5,31,3925392,4195208,0.9989
F1,5,32,5071936,4689672,0.9985
F1,5,33,4554488,4678424,0.9998
F1,5,34,4205992,5567112,0.9810
F1,5,35,4790880,4982288,0.9996
F1,5,36,3789968,5398368,0.9703
F1,5,37,4487288,4982296,0.9973
F1,5,38,4509872,5263504,0.9941
F1,5,39,4566120,5207256,0.9957
F1,5,40,3992552,5780752,0.9676
F1,5,41,4622352,5150904,0.9971
F1,5,42,4116280,5645832,0.9760
F1,5,43,4284920,5488352,0.9851
F1,5,44,4689840,5083416,0.9984
F1,5,45,4329992,5443368,0.9872
F1,5,46,4656024,5117168,0.9978
F1,5,47,4296240,5465848,0.9858
F1,5,48,4554872,5218488,0.9954
F1,5,49,4116280,5656992,0.9758
F1,5,50,4509960,5263472,0.9941
F1,5,51,4172432,5600752,0.9791
F1,5,52,4285000,5477104,0.9853
F1,5,53,4847320,4926032,0.9999
F1,5,54,4329984,5443360,0.9872
F1,5,55,4656104,5117176,0.9978
F1,5,56,4082536,5690808,0.9736
F1,5,57,4599856,5173408,0.9966
F1,5,58,4195016,5567096,0.9806
F1,5,59,4374904,5398360,0.9892
F1,5,60,4397480,5375872,0.9901
F1,5,61,4284992,5488360,0.9851
F1,5,62,4667352,5105912,0.9980
F1,5,63,4509880,5252224,0.9943
F1,5,64,4611104,5162168,0.9968
F1,5,65,3936312,5836952,0.9636
F1,5,66,4701176,5072256,0.9986
F1,5,67,4183680,5589592,0.9797
F1,5,68,4251256,5510848,0.9836
F1,5,69,4577368,5195896,0.9960
F1,5,70,4329992,5443368,0.9872
F1,5,71,4656096,5117168,0.9978
F1,5,72,4442472,5330872,0.9918
F1,5,73,4554872,5218488,0.9954
F1,5,74,4037536,5724480,0.9710
F1,5,75,4577368,5195984,0.9960
F1,5,76,4127528,5645744,0.9764
F1,5,77,4273752,5499600,0.9845
F1,5,78,4768576,5004768,0.9994
F1,5,79,4329992,5432112,0.9874
F1,5,80,4656104,5117176,0.9978
F1,5,81,4217424,5555832,0.9816
F1,5,82,4599944,5173408,0.9966
F1,5,83,4150024,5623336,0.9778
F1,5,84,4419888,5342120,0.9912
F1,5,85,4262504,5510848,0.9839
F1,5,86,4285000,5488360,0.9851
F1,5,87,4802240,4970936,0.9997
F1,5,88,4374984,5398368,0.9892
F1,5,89,4656104,5106008,0.9979
F1,5,90,3992552,5780712,0.9676
F1,10,1,16731256,17752832,0.9991
F1,10,2,21876480,22821008,0.9996
F1,10,3,25634432,26435072,0.9998
F1,10,4,25351728,23552096,0.9986
F1,10,5,24193264,24710816,0.9999
F1,10,6,23588920,25284400,0.9988
F1,10,7,22360112,25936928,0.9945
F1,10,8,20706576,22618848,0.9981
F1,10,9,20414072,23496192,0.9951
F1,10,10,25092408,28804920,0.9953
F1,10,11,22809648,24384592,0.9989
F1,10,12,25115824,25497952,0.9999
F1,10,13,23135832,24459760,0.9992
F1,10,14,22877552,21257904,0.9987
F1,10,15,25655392,23248208,0.9976
F1,10,16,23563680,21909392,0.9987
F1,10,17,27399032,24935688,0.9978
F1,10,18,22933656,24170144,0.9993
F1,10,19,20313032,22978312,0.9962
F1,10,20,23417096,25486952,0.9982
F1,10,21,22899824,25992800,0.9960
F1,10,22,22584904,25610568,0.9961
F1,10,23,24946688,24665848,1.0000
F1,10,24,23833104,25070528,0.9994
F1,10,25,21426640,22112768,0.9998
F1,10,26,22337368,22202168,1.0000
F1,10,27,23855936,22651976,0.9993
F1,10,28,26082392,27533704,0.9993
F1,10,29,24037328,23451200,0.9998
F1,10,30,20829904,25925200,0.9883
F1,10,31,3610448,4498984,0.9881
F1,10,32,4599600,5161824,0.9967
F1,10,33,4520856,4700832,0.9996
F1,10,34,3834976,5938272,0.9557
F1,10,35,4442296,5319632,0.9920
F1,10,36,3621288,5465864,0.9604
F1,10,37,4408464,4656088,0.9993
F1,10,38,4138696,5465920,0.9813
F1,10,39,4532280,5240896,0.9948
F1,10,40,4262328,5510768,0.9839
F1,10,41,4655992,5117256,0.9978
F1,10,42,4138592,5634480,0.9771
F1,10,43,4790984,4971032,0.9997
F1,10,44,3981112,5791968,0.9668
F1,10,45,4993440,4779808,0.9995
F1,10,46,3992376,5780720,0.9676
F1,10,47,4554848,5218400,0.9954
F1,10,48,4217320,5544584,0.9818
F1,10,49,4318648,5454616,0.9867
F1,10,50,4588520,5184656,0.9963
F1,10,51,4116176,5657064,0.9757
F1,10,52,4521016,5252152,0.9944
F1,10,53,4318592,5443360,0.9869
F1,10,54,4554776,5218392,0.9954
F1,10,55,4262408,5510856,0.9839
F1,10,56,4689736,5083424,0.9984
F1,10,57,4071184,5701976,0.9729
F1,10,58,4880968,4892296,1.0000
F1,10,59,3981208,5780712,0.9671
F1,10,60,4835960,4937280,0.9999
F1,10,61,4082432,5690744,0.9736
F1,10,62,4464792,5308376,0.9926
F1,10,63,4329896,5443360,0.9872
F1,10,64,4262312,5499608,0.9842
F1,10,65,4622256,5150904,0.9971
F1,10,66,4104936,5668320,0.9750
F1,10,67,4566104,5207160,0.9957
F1,10,68,4217320,5555832,0.9816
F1,10,69,4689824,5072176,0.9985
F1,10,70,4138600,5634584,0.9771
F1,10,71,4790976,4982184,0.9996
F1,10,72,3947456,5825712,0.9644
F1,10,73,5004688,4768568,0.9994
F1,10,74,4003704,5758208,0.9687
F1,10,75,4678496,5094760,0.9982
F1,10,76,4161168,5612000,0.9784
F1,10,77,4386048,5387112,0.9896
F1,10,78,4431128,5342136,0.9914
F1,10,79,4228664,5544592,0.9822
F1,10,80,4554760,5207144,0.9956
F1,10,81,4228656,5544600,0.9822
F1,10,82,4554776,5218400,0.9954
F1,10,83,4262408,5510840,0.9839
F1,10,84,4655992,5117176,0.9978
F1,10,85,4138672,5623328,0.9774
F1,10,86,4790984,4982272,0.9996
F1,10,87,3981208,5792056,0.9668
F1,10,88,4847208,4925896,0.9999
F1,10,89,3992448,5780792,0.9676
F1,10,90,4206088,5555768,0.9812
F1,15,1,17852056,16727280,0.9989
F1,15,2,23169904,21235344,0.9981
F1,15,3,27544728,25295520,0.9982
F1,15,4,25317872,23585680,0.9987
F1,15,5,24958208,23945888,0.9996
F1,15,6,27668760,20132928,0.9757
F1,15,7,23811216,20380488,0.9940
F1,15,8,28028112,25588040,0.9979
F1,15,9,24829920,24058288,0.9998
F1,15,10,24912944,23979552,0.9996
F1,15,11,25486696,20864152,0.9902
F1,15,12,23732400,20256848,0.9938
F1,15,13,26510496,23889488,0.9973
F1,15,14,25318056,23507080,0.9986
F1,15,15,25868904,23113176,0.9968
F1,15,16,23788360,22494400,0.9992
F1,15,17,25858192,17433456,0.9635
F1,15,18,26949328,21955136,0.9897
F1,15,19,24125664,21696064,0.9972
F1,15,20,25183168,21875784,0.9951
F1,15,21,29198264,23473200,0.9883
F1,15,22,24126000,21212792,0.9959
F1,15,23,24958512,22888824,0.9981
F1,15,24,24912936,22472232,0.9974
F1,15,25,25868632,24553200,0.9993
F1,15,26,24586944,24305408,1.0000
F1,15,27,25160536,23743096,0.9992
F1,15,28,21853784,19716808,0.9974
F1,15,29,22765072,22427632,0.9999
F1,15,30,27668592,24934904,0.9973
F1,15,31,4195264,3925256,0.9989
F1,15,32,5049416,4711976,0.9988
F1,15,33,4689560,4588640,0.9999
F1,15,34,4498528,5274648,0.9937
F1,15,35,4745976,5027184,0.9992
F1,15,36,4127264,4813568,0.9941
F1,15,37,4543528,4757336,0.9995
F1,15,38,4217432,5544696,0.9819
F1,15,39,5061016,4701040,0.9986
F1,15,40,4183760,5589600,0.9797
F1,15,41,5150936,4622360,0.9971
F1,15,42,4149928,5623344,0.9778
F1,15,43,5285904,4487384,0.9934
F1,15,44,4194928,5567104,0.9806
F1,15,45,5184664,4588616,0.9963
F1,15,46,4296168,5477056,0.9856
F1,15,47,5128496,4644896,0.9976
F1,15,48,4284920,5488368,0.9851
F1,15,49,5139680,4622360,0.9972
F1,15,50,4239928,5533360,0.9828
F1,15,51,5173376,4599864,0.9966
F1,15,52,4206184,5567104,0.9810
F1,15,53,5184672,4588616,0.9963
F1,15,54,4059960,5702080,0.9725
F1,15,55,5240912,4532376,0.9948
F1,15,56,4116200,5657088,0.9757
F1,15,57,5139680,4633608,0.9973
F1,15,58,4307496,5465872,0.9861
F1,15,59,5038448,4723672,0.9990
F1,15,60,4374904,5398384,0.9892
F1,15,61,4959712,4813576,0.9998
F1,15,62,4521128,5252160,0.9944
F1,15,63,4734752,5038536,0.9990
F1,15,64,4701096,5072192,0.9986
F1,15,65,4543616,5218504,0.9952
F1,15,66,4937224,4836064,0.9999
F1,15,67,4318656,5454632,0.9867
F1,15,68,5072200,4701088,0.9986
F1,15,69,4183680,5589608,0.9797
F1,15,70,5173432,4588608,0.9964
F1,15,71,4149936,5623352,0.9778
F1,15,72,5285912,4487376,0.9934
F1,15,73,4194928,5578360,0.9804
F1,15,74,5184680,4588608,0.9963
F1,15,75,4296160,5465880,0.9858
F1,15,76,5128520,4644936,0.9976
F1,15,77,4284920,5488368,0.9851
F1,15,78,5139680,4633608,0.9973
F1,15,79,4239928,5533360,0.9828
F1,15,80,5173424,4599864,0.9966
F1,15,81,4172440,5589600,0.9794
F1,15,82,5184672,4588616,0.9963
F1,15,83,4071208,5702080,0.9729
F1,15,84,5240912,4532376,0.9948
F1,15,85,4138696,5634592,0.9771
F1,15,86,5106016,4656104,0.9979
F1,15,87,4318664,5454704,0.9867
F1,15,88,5049696,4723592,0.9989
F1,15,89,4397392,5375888,0.9901
F1,15,90,4925960,4847320,0.9999
F1,20,1,17002584,17427088,0.9998
F1,20,2,24204208,24699432,0.9999
F1,20,3,24587152,23575072,0.9996
F1,20,4,22640952,21775080,0.9996
F1,20,5,26375240,27004824,0.9999
F1,20,6,24091832,24080920,1.0000
F1,20,7,24463080,25171784,0.9998
F1,20,8,22427272,21662440,0.9997
F1,20,9,23608656,24204816,0.9998
F1,20,10,22292096,22083536,1.0000
F1,20,11,26510016,26904008,0.9999
F1,20,12,23091208,23484864,0.9999
F1,20,13,27275056,23957200,0.9958
F1,20,14,21336656,20954832,0.9999
F1,20,15,23146792,21088752,0.9978
F1,20,16,28680912,24879256,0.9950
F1,20,17,25329256,23574512,0.9987
F1,20,18,22967096,23034888,1.0000
F1,20,19,24451968,22821168,0.9988
F1,20,20,24620912,23248656,0.9992
F1,20,21,25531712,21190184,0.9914
F1,20,22,24912968,26172720,0.9994
F1,20,23,24710896,22718336,0.9982
F1,20,24,23462336,22629928,0.9997
F1,20,25,23991048,23304680,0.9998
F1,20,26,24530872,24373456,1.0000
F1,20,27,24350816,24552976,1.0000
F1,20,28,24789464,24114504,0.9998
F1,20,29,22022624,22011232,1.0000
F1,20,30,23923696,24361984,0.9999
F1,20,31,3981632,4094112,0.9998
F1,20,32,4779400,4959456,0.9997
F1,20,33,4543344,4655816,0.9999
F1,20,34,3958528,5612112,0.9710
F1,20,35,4869616,4903456,1.0000
F1,20,36,3767488,5162344,0.9762
F1,20,37,4521016,4678600,0.9997
F1,20,38,4060040,5713344,0.9722
F1,20,39,4959704,4813560,0.9998
F1,20,40,4048600,5713304,0.9717
F1,20,41,4925880,4847224,0.9999
F1,20,42,4071184,5701976,0.9729
F1,20,43,4959600,4813472,0.9998
F1,20,44,4048696,5724480,0.9714
F1,20,45,4925952,4836048,0.9999
F1,20,46,4104760,5668240,0.9750
F1,20,47,4869720,4903456,1.0000
F1,20,48,4104928,5668232,0.9751
F1,20,49,4880952,4892296,1.0000
F1,20,50,4127352,5634488,0.9767
F1,20,51,4847216,4925952,0.9999
F1,20,52,4206160,5567008,0.9810
F1,20,53,4779728,4993432,0.9995
F1,20,54,4273656,5499608,0.9845
F1,20,55,4734736,5038432,0.9990
F1,20,56,4307304,5454520,0.9864
F1,20,57,4701000,5072184,0.9986
F1,20,58,4352392,5420856,0.9882
F1,20,59,4644744,5128416,0.9976
F1,20,60,4408544,5364544,0.9905
F1,20,61,4577272,5184648,0.9961
F1,20,62,4464864,5308392,0.9926
F1,20,63,4588504,5184656,0.9963
F1,20,64,4464792,5308296,0.9926
F1,20,65,4588512,5184664,0.9963
F1,20,66,4453616,5308376,0.9924
F1,20,67,4588512,5184656,0.9963
F1,20,68,4464792,5308304,0.9926
F1,20,69,4543512,5229640,0.9951
F1,20,70,4498608,5274536,0.9937
F1,20,71,4476040,5285864,0.9932
F1,20,72,4498528,5274592,0.9937
F1,20,73,4476112,5297128,0.9930
F1,20,74,4498528,5274568,0.9937
F1,20,75,4532280,5240888,0.9948
F1,20,76,4498424,5274640,0.9937
F1,20,77,4476120,5285808,0.9932
F1,20,78,4498536,5274632,0.9937
F1,20,79,4476024,5297144,0.9930
F1,20,80,4543600,5229560,0.9951
F1,20,81,4431048,5342128,0.9914
F1,20,82,4543520,5218392,0.9952
F1,20,83,4431120,5342096,0.9914
F1,20,84,4566016,5207056,0.9957
F1,20,85,4419800,5353384,0.9910
F1,20,86,4633496,5139664,0.9973
F1,20,87,4386128,5375784,0.9898
F1,20,88,4656008,5117176,0.9978
F1,20,89,4318560,5454600,0.9867
F1,20,90,4734728,5038432,0.9990
F1,30,1,17197560,17150560,1.0000
F1,30,2,22438600,22888496,0.9999
F1,30,3,25756512,25726144,1.0000
F1,30,4,24148160,24755856,0.9998
F1,30,5,23552128,25351784,0.9986
F1,30,6,23203528,24024680,0.9997
F1,30,7,24451800,26127840,0.9989
F1,30,8,21145440,21820344,0.9998
F1,30,9,23754816,25149568,0.9992
F1,30,10,23405848,23968272,0.9999
F1,30,11,26104896,24313536,0.9987
F1,30,12,25250576,23653360,0.9989
F1,30,13,24204568,23777144,0.9999
F1,30,14,22292680,21865256,0.9999
F1,30,15,23451064,22123768,0.9992
F1,30,16,27207704,25025080,0.9983
F1,30,17,24632160,24272144,0.9999
F1,30,18,23563600,25340784,0.9987
F1,30,19,22337536,21043904,0.9991
F1,30,20,25003424,21842656,0.9955
F1,30,21,24395504,22708496,0.9987
F1,30,22,27432496,25318040,0.9984
F1,30,23,25599488,23304200,0.9978
F1,30,24,24069680,22686336,0.9991
F1,30,25,21066648,21325408,1.0000
F1,30,26,25160704,25340704,1.0000
F1,30,27,24968680,25711664,0.9998
F1,30,28,22033752,22135016,1.0000
F1,30,29,24485688,24193376,1.0000
F1,30,30,23743400,24508192,0.9997
F1,30,31,3992792,4127776,0.9997
F1,30,32,4768312,4970784,0.9996
F1,30,33,4385856,4532296,0.9997
F1,30,34,4295880,5465944,0.9858
F1,30,35,4599752,5173504,0.9966
F1,30,36,4284912,5330904,0.9883
F1,30,37,3632600,5409800,0.9628
F1,30,38,4532288,5094864,0.9966
F1,30,39,4307416,5465904,0.9861
F1,30,40,4149936,5623344,0.9778
F1,30,41,4689928,5083520,0.9984
F1,30,42,3902480,5870696,0.9610
F1,30,43,4768576,4993520,0.9995
F1,30,44,3722480,6050680,0.9463
F1,30,45,4858552,4914784,1.0000
F1,30,46,4014968,5758296,0.9692
F1,30,47,4712344,5060936,0.9987
F1,30,48,4161184,5600832,0.9787
F1,30,49,4599864,5173488,0.9966
F1,30,50,4093696,5679568,0.9743
F1,30,51,4543624,5229656,0.9951
F1,30,52,4431144,5342120,0.9914
F1,30,53,4116192,5645824,0.9760
F1,30,54,4847320,4926040,0.9999
F1,30,55,3632616,6140648,0.9382
F1,30,56,4790992,4982272,0.9996
F1,30,57,3981304,5792056,0.9668
F1,30,58,4757248,5004688,0.9994
F1,30,59,4150024,5623320,0.9778
F1,30,60,4644768,5128504,0.9976
F1,30,61,4093784,5679576,0.9743
F1,30,62,4644856,5128408,0.9976
F1,30,63,4206176,5567088,0.9810
F1,30,64,4217432,5544600,0.9819
F1,30,65,4757336,5016016,0.9993
F1,30,66,3857568,5915688,0.9575
F1,30,67,4779752,4993528,0.9995
F1,30,68,3812584,5960680,0.9539
F1,30,69,4790992,4971024,0.9997
F1,30,70,4082536,5690824,0.9736
F1,30,71,4667264,5105920,0.9980
F1,30,72,4206264,5567080,0.9810
F1,30,73,4543624,5229736,0.9951
F1,30,74,4149936,5612088,0.9781
F1,30,75,4442392,5330872,0.9918
F1,30,76,4532368,5240896,0.9948
F1,30,77,4093704,5679576,0.9743
F1,30,78,4779832,4993520,0.9995
F1,30,79,3621360,6140648,0.9376
F1,30,80,4835992,4937288,0.9999
F1,30,81,3992552,5780800,0.9676
F1,30,82,4802240,4970936,0.9997
F1,30,83,4082536,5690824,0.9736
F1,30,84,4622272,5151000,0.9971
F1,30,85,4082536,5679472,0.9739
F1,30,86,4656104,5117256,0.9978
F1,30,87,4296160,5477112,0.9856
F1,30,88,4172440,5600824,0.9791
F1,30,89,4802136,4970936,0.9997
F1,30,90,3756344,6005680,0.9496
